authors_short,year,journal,publisher,authors_full,title,sample_category,special_sample,num_participants,age_range,mean_age_participants,sex_perc_male,input_modality_cat,input_modality,stimulus_material_visual,eeg_system_mobile_stationary,protocol_lab_realworld,lab_realworld_binary,eeg_system,eeg_company,sampling_rate_hz,filters_amp,online_filters,num_channels,electrode_type,electrode_locations,reference_electrode,offline_filters,offline_highpass_hz,offline_lowpass_hz,channel_interpolation,artifact_rejection,participant_mobility_label,participant_mobility_score,system_mobility_label,system_mobility_score,eeg_parameter_space,subj_behave_parameter_space,eeg_features_cat,alpha_para,independent_variable,dependent_variable,analyzed_rois_electrodes,parameter_interpretation,theories_interpretation,other_measures,analysis_approach,analysis_approach_binary,ica_used,replicability_label,replicability_score,data_availability,doi_link,added_date,contributor,edited_date,edited_by,full_text_status
Ai et al.,2025,Front Psychol,Frontiers,"Lijiao Ai, Huan Wang, Yilong Feng, Ting Li, Zezhou Li, Min Zou, and Qiaoyong Zhang",The Healing Power of Camellia japonica L.: How Flower Types Influence Urban Residents' Physiological and Psychological Well-being,2,0.0,158.0,17-54,20,27%,visual,1,still images,stat,Lab,1.0,Neurosky Mindwave,NeuroSky,,NA / NA,0.0,1,,0.0,0.0,0.0,,,0.0,0.0,"0 - Lying, sitting, or standing still",0.0,4 - Head-mounted and requires smartphone/tablet,4.0,"Proprietary output, Frequency domain, ⍺, 𝛽",Profile of Mood State (POMS),2,1.0,colors and type of Camellia flower in different landscape scenes,"proprietary:relaxation and concentration value NeuroSky ⍺, 𝛽",,"relaxation, concentration",,"ECG, Blood Pressure, Blood Oxygenation",0 = Black Box,0,0.0,3 - not replicable,3.0,1.0,https://doi.org/10.3389/fpsyg.2025.1489859,03.03.2025,"Izzy, Klaus",09.01,Sonja,
Al-barrak et al.,2017,PLoS One,PLOS,"Lulwah Al-barrak , Eiman Kanjo, and Eman M. G. Younis ",NeuroPlace: Categorizing urban places according to mental states,2,0.0,23.0,17-30,21,0%,real world all modalities,6,real world,mobile & stat,Real world,2.0,Neurosky Mindwave,NeuroSky,512,NA / NA,0.0,1,,1.0,1.0,0.0,,,0.0,0.0,3 - Unconstrained walking/cyclin,3.0,4 - Head-mounted and requires smartphone/tablet,4.0,"𝜃, ⍺, 𝛽, λ, Frequency domain, δ, Proprietary output","questionnaires, Personal State Self-Assessment",2,1.0,restorativenes of places,"Meditation and attention, Freq, 𝜃, ⍺, 𝛽, λ",,"relaxation, attention",,,0 = Black Box,0,0.0,3 - not replicable,3.0,0.0,https://journals.plos.org/plosone/article?id=10.1371/journal.pone.0183890,,Klaus,09.01,Sonja,
Allahverdy & Jafari,2016,Iran J Public Health,School of Public Health Iran,Armin Allashverdy and Amir Homayoun Jafari,Non-auditory Effect of Noise Pollution and Its Risk on Human Brain Activity in Different Audio Frequency Using Electroencephalogram Complexity,2,0.0,10.0,,,,auditory,2,audio recordings,stat,Lab,1.0,G-tec USBamp,g.tec,512,0.5-50 Hz / NA,1.0,16,,1.0,1.0,0.0,,,0.0,0.0,"1 - Lying, sitting, or standing with localised movement, for example, finger tapping or button pressing",1.0,0 - All equipment off-body mounted and participant tethered via cabling to EEG acquisition equipment,0.0,"Frequency domain, 𝛽",questionnaires,2,0.0,different ambient noise sounds,"Fractal dimension beta-band, subjective annoyance with sound",,,,,3 = Manual,3,0.0,3 - not replicable,3.0,,https://pmc.ncbi.nlm.nih.gov/articles/PMC5149497/,,Klaus,09.01,Sonja,
Anwar et al.,2025,Architecture,MDPI,"Raneem Anwar, Samah Elkhateeb, Samy Afifi, Karim Bayoumi",Brainwave Dynamics: Neurophysiological Responses to Enclosed Courtyards for Mental Wellbeing in Educational Contexts,1,0.0,16.0,18-22,,44%,real world all modalities,6,real world,stat,Real world,2.0,Neurosky Mindwave 2,NeuroSky,512,3-100Hz,1.0,1,dry electrodes,1.0,1.0,1.0,0.5,45,0.0,0.0,"0 - Lying, sitting, or standing still",0.0,4 - Head-mounted and requires smartphone/tablet,4.0,Frequency domain,,2,1.0,Courtyard,"ERSPs, Band Power",frontal,,,,9 = NA,9,0.0,3 - not replicable,3.0,0.0,https://doi.org/10.3390/architecture5030076,13.01.2026,Izzy,,,
Asim et al.,2023,Building and Environment,Elsevier,"Farhan Asim, P.S. Chani, Venu Shree and Shreya Rai",Restoring the mind: A neuropsychological investigation of university campus built environment aspects for student well-being,2,0.0,22.0,18-23,20,50%,real world all modalities,6,real world,mobile & stat,Real world,2.0,Muse,InteraXon,256,NA / NA,0.0,4,dry electrodes,1.0,1.0,0.0,,,0.0,0.0,"0 - Lying, sitting, or standing still",0.0,4 - Head-mounted and requires smartphone/tablet,4.0,"𝜃, ⍺, 𝛽, λ, Frequency domain","Perceived Restorativeness Scale (PRS), questionnaires",2,1.0,green vs built density,"Restorativness Scale, Freq, 𝜃, ⍺, 𝛽, λ, FAA","frontal, temporal","relaxation, positive approach behavior",,,1 = ICA,1,1.0,3 - not replicable,3.0,1.0,https://doi.org/10.1016/j.buildenv.2023.110810,,Klaus,12.01.,Sonja,
Aspinall et al.,2015,Br J Sports Med,BMJ Group,"Peter Aspinall, Panagiotis Mavros, Richard Coyne, and Jenny Roe",The urban brain: analysing outdoor physical activity with mobile EEG,2,0.0,12.0,,30,67%,real world all modalities,6,real world,mobile,Real world,2.0,Emotiv EPOC,Emotiv,,NA / NA,0.0,14,,1.0,0.0,0.0,,,0.0,0.0,3 - Unconstrained walking/cyclin,3.0,4 - Head-mounted and requires smartphone/tablet,4.0,"Frequency domain, Proprietary output",,2,1.0,green vs grey urban environments,"propriatory Emotiv Pro Freq, 𝜃, ⍺, 𝛽, gamma",,"frustration, engagement, excitement, meditation",,,0 = Black Box,0,0.0,3 - not replicable,3.0,,http://dx.doi.org/10.1136/bjsports-2012-091877,,Klaus,13.01,Sonja,
Bacevice & Ducao,2022,Intelligent Buildings International,Taylor & Francis,Peter A. Bacevice and Arlene Ducao,Use of biometric data and EEG to assess architectural quality of two office spaces: a pilot experiment,1,0.0,23.0,,,,real world all modalities,6,real world,mobile,Real world,2.0,Neurosky Mindwave,NeuroSky,512,,0.0,,,0.0,0.0,0.0,,,0.0,0.0,3 - Unconstrained walking/cyclin,3.0,4 - Head-mounted and requires smartphone/tablet,4.0,Proprietary output,,3,0.0,Meeting rooms vs. Work Areas vs. Pantry,proprietary relaxation and attention scores,,"relaxation, attention",,ECG,0 = Black Box,0,0.0,3 - not replicable,3.0,,https://doi.org/10.1080/17508975.2021.1921683,08.01.2026,Izzy,,,
Bagheri et al.,2024,Building and Environment,Elsevier,"Sara Bagheri, Judith Good, and Hamed S. Alavi",Visual and acoustic discomfort: A comparative study of impacts on individuals with and without ADHD using electroencephalogram (EEG),1,1.0,27.0,18-34,26.3,37%,visual + auditory,3,"audio recordings, real world",stat,Lab,1.0,,,2048,,0.0,32,,1.0,1.0,1.0,1.0,90,0.0,1.0,"1 - Lying, sitting, or standing with localised movement, for example, finger tapping or button pressing",1.0,0 - All equipment off-body mounted and participant tethered via cabling to EEG acquisition equipment,0.0,"Frequency domain, δ, 𝜃, ⍺, 𝛽, λ",questionnaires,2,1.0,noise and lighting,ratios of frequency bands,whole brain,,,"Skin Temperature, BVP","1 = ICA, 2 = Auomated",1,1.0,2 - partially replicable,2.0,1.0,https://doi.org/10.1016/j.buildenv.2024.111881,12.01.2026,Izzy,,,
Bai & Zhang,2024,Scientific Reports,Springer Nature,Zhengkang Bai and Shuangquan Zhang,Effects of different natural soundscapes on human psychophysiology in national forest park,2,0.0,52.0,18-21,,50%,auditory,2,audio recordings,stat,Lab,1.0,Neurosky Mindwave,NeuroSky,512,NA / NA,0.0,1,,0.0,0.0,0.0,,,0.0,0.0,"1 - Lying, sitting, or standing with localised movement, for example, finger tapping or button pressing",1.0,4 - Head-mounted and requires smartphone/tablet,4.0,"⍺, 𝛽, λ, Proprietary output",Profile of Mood State (POMS),2,1.0,"soundscapes and different complexity of natural sound scpes on attention, relaxation etc.","propriotory NeuroSky ⍺, 𝛽, λ",,"relaxation, attention",,,0 = Black Box,0,0.0,3 - not replicable,3.0,2.0,https://doi.org/10.1038/s41598-024-67812-1,,Klaus,13.01,Sonja,
Bai et al.,2025,J Environ Manage,Elsevier,"Zhengkang Bai, Shuangquan Zhang, and Hui He",Extraordinary nature and human recovery: Psychological and physiological perspectives,2,0.0,88.0,18-22,20.2,50%,visual,1,video (monitor),stat,Lab,1.0,Neurosky Mindwave,NeuroSky,,NA / NA,0.0,,,0.0,0.0,0.0,,,0.0,0.0,"1 - Lying, sitting, or standing with localised movement, for example, finger tapping or button pressing",1.0,4 - Head-mounted and requires smartphone/tablet,4.0,"Proprietary output, λ, 𝛽, Frequency domain",questionnaires,2,1.0,"extraordniary and normal nature impact on attention relaxation etc. ","propriotory NeuroSky ⍺, 𝛽, λ",,"relaxation, concentration",,,0 = Black Box,0,0.0,3 - not replicable,3.0,1.0,https://doi.org/10.1016/j.jenvman.2024.123661,,Klaus,13.01,Sonja,
Bailey et al.,2018,World Leisure Journal,Taylor & Francis,"Andrew W. Bailey, Garrett Allen, Josh Herndon, and Christian Demastus",Cognitive benefits of walking in natural versus built environments,"3, 2",0.0,10.0,,20,50%,real world all modalities,6,real world,mobile,Lab vs. Real world,3.0,Emotiv Insight,Emotiv,128,3-43,1.0,5,,0.0,0.0,0.0,,,0.0,0.0,3 - Unconstrained walking/cyclin,3.0,4 - Head-mounted and requires smartphone/tablet,4.0,"Frequency domain, 𝜃, ⍺, 𝛽, λ","Stroop, questionnaires",2,1.0,walks indoor vs. outdoor,"Frontal high frequencies, Frontal asymmetry, Posterior high frequencies, relative global alpha power, frontal thata + posterior alpha","frontal, parietal, occipital","Focus, Approach, Anxiety, Relaxation",,,9 = NA,9,0.0,3 - not replicable,3.0,,https://doi.org/10.1080/16078055.2018.1445025,13.01.2026,Izzy,,,
Banaei et al.,2015,Procedia,Elsevier,"Maryam Banaei, Abbas Yazdanfar, Mostafa Nooreddin, and Ali Yoonessi",Enhancing Urban Trails Design Quality by Using Electroencephalography Device,2,0.0,20.0,20-35,29,45%,real world all modalities,6,real world,mobile,Real world,2.0,Emotiv EPOC,Emotiv,128,,0.0,14,,1.0,0.0,1.0,0.5,50,0.0,0.0,3 - Unconstrained walking/cyclin,3.0,4 - Head-mounted and requires smartphone/tablet,4.0,"Frequency domain, ⍺, 𝛽",,2,1.0,park vs. bazaar,"anterior-frontal beta, occipital alpha","frontal, occipital","""active/alert/excited""; calmness",,,3 = Manual,3,0.0,3 - not replicable,3.0,,https://doi.org/10.1016%2Fj.sbspro.2015.08.191,13.01.2026,Izzy,,,
Banaei et al.,2017,Front Human Neuroscience,Frontiers,"Maryam Banaei, Javad Hatami, Abbas Yazdanfar, and Klaus Gramann",Walking through Architectural Spaces: The Impact of Interior Forms on Human Brain Dynamics,1,0.0,15.0,,28,47%,visual,1,virtual reality (HMD),mobile,Lab,1.0,BrainProducts MOVE,Brain Products,1000,0.016-250 / 1- 100 Hz,1.0,128,,1.0,1.0,1.0,1.0,100,1.0,1.0,3 - Unconstrained walking/cyclin,3.0,1 - Waist-mounted (or back-mounted) with additional equipment located in a rucksack,1.0,"Frequency domain, ⍺, δ, 𝜃","SAM, Stroop",2,1.0,Architectural forms,ERSPs,"frontal, temporal, parietal, occipital",association with arousal and pleasure,,,1 = ICA,1,1.0,1 - replicable,1.0,,"https://doi.org/10.3389/fnhum.2017.00477
",,Klaus,13.01,Sonja,
Bao et al.,2024,Landscape Archit Front,Higher Education Press,"Qiqi Bao, Hexian JIN, and Chengcheng Zeng",Research on Restorative Benefits of Rose Landscapes Through Visual and Olfactory Perception,2,0.0,240.0,18-25,,,visual + olfactory,4,"smells, still images",stat,Lab,1.0,Emotiv EPOC+,Emotiv,,NA / NA,0.0,14,,0.0,0.0,0.0,,,0.0,0.0,"1 - Lying, sitting, or standing with localised movement, for example, finger tapping or button pressing",1.0,4 - Head-mounted and requires smartphone/tablet,4.0,"𝜃, ⍺, 𝛽, Frequency domain",Profile of Mood State (POMS),2,1.0,images of roses of different colors plus smells,"PSD  𝜃, ⍺, 𝛽 and ratios","frontal, temporal, parietal, occipital",stress and attention level,,,9 = NA,9,0.0,3 - not replicable,3.0,,https://journal.hep.com.cn/laf/EN/10.15302/J-LAF-1-020104,,Klaus,13.01.,Sonja,
Baumann & Brooks-Cederqvist,2023,Heliyon,Elsevier,Oliver Baumann and Briana Brooks-Cederqvist,Multimodal assessment of effects of urban environments on psychological wellbeing,2,0.0,28.0,19-63,27,38%,real world all modalities,6,real world,stat,Real world,2.0,Muse,InteraXon,256,50 Hz notch filter,0.0,4,dry electrodes,1.0,0.0,0.0,,,0.0,0.0,"0 - Lying, sitting, or standing still",0.0,4 - Head-mounted and requires smartphone/tablet,4.0,"𝜃, ⍺, 𝛽, Frequency domain","PANAS, questionnaires",2,1.0,building density,"Mood, heart rate, power in 𝜃, ⍺, 𝛽",,"relaxation, cognitive demand, vigilance",,ECG,3 = Manual,3,0.0,2 - partially replicable,2.0,2.0,https://doi.org/10.1016/j.heliyon.2023.e16433,,Klaus,21.01,Sonja,
Bell et al.,2025,J Cog Neurosci,MIT Press,"Cameron N. Bell , Rebecca St George, Cynthia Honan, and Allison Matthews","From Forest to Focus: The Interactive Effects of Nature Exposure and Nature Relatedness on Attention, Brain Activity, Heart Rate Variability, and Mood",3,0.0,40.0,18-35,23.8,38%,visual,1,still images,stat,Lab,1.0,,Neuroscan,1000,,0.0,32,wet electrodes,1.0,1.0,1.0,,30,1.0,1.0,"1 - Lying, sitting, or standing with localised movement, for example, finger tapping or button pressing",1.0,,,"Frequency domain, ⍺, 𝛽, Time domain, N200",questionnaires,"1, 2",1.0,nature vs. urban images,"alpha, beta power; N2 amp","frontal, occipital",N2: suppression of irrelevant input; alpha and beta: restoration,,ECG,3 = Manual,3,0.0,1 - replicable,1.0,2.0,https://doi.org/10.1162/JOCN.a.2416,12.1.2026,Izzy,24.04.2026,Klaus,
Bianchoni et al.,2022,"The International Archives of the Photogrammetry, Remote Sensing and Spatial Information Sciences","The International Society of the Photogrammetry, Remote Sensing and Spatial Information Sciences","Fabio Bianconi, Marco Filippucci, and Marco Seccaroni",The Image of The City Interpreted Through Biosensors Path Analysis and Identification of Perceptual Poles in the Narni Case Study,2,0.0,40.0,21-39,,53%,real world all modalities,6,real world,mobile,Real world,2.0,Emotiv EPOC+,Emotiv,,NA / NA,0.0,14,,1.0,0.0,0.0,,,0.0,0.0,"4 - Walking and carrying, climbing stairs, and constrained running",4.0,4 - Head-mounted and requires smartphone/tablet,4.0,"Frequency domain, ⍺, 𝛽",questionnaires,2,1.0,"explorative walk through a historic city center, no specified qunatification of the environment or questionniares","Fixation, GPS location, PSD 𝛽/⍺",,valence - degree of attraction/aversion,,"GPS, Eyetracking",9 = NA,9,,3 - not replicable,3.0,,https://doi.org/10.5194/isprs-archives-XLIII-B4-2022-479-2022,28.6.2025,Klaus,21.01,Sonja,
Bidgoli et al.,2025,Scientific Reports,Springer Nature,"Mohammad Arbabpour Bidgoli, Arian Behmanesh, Navid Khademi, Phromphat Thansirichaisree, Zuduo Zheng, Sara Saberi Moghadam Tehrani, Sajjad Mazloum, and Sirisilp Kongsilp ",Brain activity patterns reflecting security perceptions of female cyclists in virtual reality experiments,2,0.0,52.0,18-42,26.8,0%,visual,1,virtual reality (HMD),,Lab,1.0,,,256,NA / 1-30Hz,0.0,21,,1.0,0.0,1.0,1.0,30,0.0,0.0,2 - Constrained walking/cycling,2.0,,,"Frequency domain, ⍺","questionnaires, Perceived security",2,1.0,"different security levels of VR environment ",PSD ⍺,,perceived security,,,9 = NA,9,0.0,3 - not replicable,3.0,2.0,https://doi.org/10.1038/s41598-024-81271-8,,Klaus,21.01,Sonja,
Binarti et al.,2025,J Daylighting,SolarLits,"
Floriberta Binarti, Nimas Sekarlangi, Meita Kasianus Virgin Brilianto, and Bhanu Rizfa Hakim
",EEG-Based Neurophysiological Responses to Classroom Window Views in Green Campus Settings,1,0.0,10.0,21-21,21,50%,visual,1,virtual reality (HMD),stat - HMD,Lab,1.0,Emotiv EPOC X,Emotiv,,NA/1-40,0.0,14,wet electrodes,1.0,0.0,1.0,1.0,40,0.0,0.0,"0 - Lying, sitting, or standing still",0.0,4 - Head-mounted and requires smartphone/tablet,4.0,"Frequency domain, 𝜃, ⍺, 𝛽, δ, λ",,2,1.0,"different window views (forest, city, park) in classrooms and their illumination","PSD  δ, θ, α, β, γ","frontal, parietal, occipital","restorative cognitive states, relaxation, cognitive load and overstimulation ",,,1 = ICA,1,1.0,3 - not replicable,3.0,,https://doi.org/10.15627/jd.2025.23,27.10.2025,Izzy,21.01,Sonja,
Bower et al.,2022,eNeuro,Society for Neuroscience,"Isabella S. Bower, Gillian M. Clark, Richard Tucker, Aron T. Hill, Jarrad A. G. Lum, Michael A. Mortimer, and Peter G. Enticott",Enlarged Interior Built Environment Scale Modulates High-Frequency EEG Oscillations,1,0.0,66.0,18-55,34.9,53%,visual,1,virtual reality (monitor),stat,Lab,1.0,Geodesic Netamp,Electrical Geodesic Inc.,1000,"NA / 1-70Hz, 47-53Hz",0.0,64,semi-dry,1.0,1.0,1.0,1.0,70,1.0,1.0,"0 - Lying, sitting, or standing still",0.0,0 - All equipment off-body mounted and participant tethered via cabling to EEG acquisition equipment,0.0,"Frequency domain, ⍺, λ, 𝜃, δ, 𝛽",SAM,2,1.0,Scale of virtual environment,"PSD theta, alpha, beta, gamma",frontal,,,"ECG, resp, EDA",1 = ICA,1,1.0,1 - replicable,1.0,2.0,"https://doi.org/10.1523/ENEURO.0104-22.2022
",24.11.2025,Izzy,26.01,Sonja,
Bower et al.,2022,Psychophysiology,Wiley,"Isabella S. Bower, Gillian M. Clark, Richard Tucker, Aron T. Hill, Jarrad A. G. Lum, Michael A. Mortimer, and Peter G. Enticott",Built environment color modulates autonomic and EEG indices of emotional response,1,0.0,18.0,18-55,34.5,56%,visual,1,virtual reality (monitor),stat,Lab,1.0,Geodesic Netamp,Electrical Geodesic Inc.,1000,"NA / 1-70Hz, 47-53Hz",0.0,64,semi-dry,1.0,1.0,1.0,1.0,70,1.0,1.0,"0 - Lying, sitting, or standing still",0.0,0 - All equipment off-body mounted and participant tethered via cabling to EEG acquisition equipment,0.0,"Frequency domain, 𝜃, ⍺, 𝛽",SAM,2,1.0,wall color (white vs. blue),"PSD theta, alpha, beta, gamma",frontal,,,"ECG, resp, EDA",1 = ICA,1,1.0,1 - replicable,1.0,2.0,"doi.org/10.1111%2Fpsyp.14121
",24.11.2025,Izzy,26.01,Sonja,
Cai et al.,2025,Buildings,MDPI,"Yuyang Cai, Yiwei Yan, Guohang Tian, Yiwen Cui, Chenfang Feng, Haoran Tian, Xiaxi Liuyang, Ling Zhang, and Yang Cao",Designing Smart Urban Parks with Sensor-Integrated Landscapes to Enhance Mental Health in City Environments,2,0.0,59.0,18-24,,59%,real world all modalities,6,real world,stat,Real world,2.0,Emotiv EPOC+,Emotiv,,NA / 0.5-100 Hz,0.0,,,1.0,0.0,1.0,0.5,100,0.0,1.0,"1 - Lying, sitting, or standing with localised movement, for example, finger tapping or button pressing",1.0,4 - Head-mounted and requires smartphone/tablet,4.0,"Frequency domain, ⍺, 𝛽","Perceived Restorativeness Scale (PRS), questionnaires",2,1.0,"Park type including waterfraont, wetland, plaza, forest",PSD ⍺/𝛽,"frontal, parietal, occipital",ratio: cognitive load and stress,,,"1 = ICA, 2 = Auomated",1,1.0,3 - not replicable,3.0,1.0,https://doi.org/10.3390/buildings15172979,26.09.2025,Klaus,26.01,Sonja,
Cai et al.,2025,Scientific Reports,Springer Nature,"Yan Cai, Qihao Wang, Miao Sun, Wanning Bu, Jiahui Yin, and Wei Ning",Electroencephalography-based  psychological and physiological  effects of winter virtual forest trail  landscapes on youth,3,0.0,132.0,18-42,22.55,48%,visual + auditory,3,virtual reality (monitor),stat,Lab,1.0,Emotiv EPOC X,Emotiv,,NA / 8-30Hz,0.0,14,,1.0,0.0,1.0,8.0,30,0.0,0.0,"0 - Lying, sitting, or standing still",0.0,4 - Head-mounted and requires smartphone/tablet,4.0,"Frequency domain, ⍺, 𝛽, Proprietary output",Profile of Mood State (POMS),2,1.0,Amount of evergreen plants in winter forest and ambient noise,"PSD ⍺, 𝛽, 𝛽/⍺","temporal, occipital",𝛽/⍺: stress,,,"3 = Manual, 1 = ICA, 0 = Black Box","3, 1, 0",1.0,3 - not replicable,3.0,1.0,https://doi.org/10.1038/s41598-025-91345-w,16.12.2025,Izzy,,,
Carvalho et al.,2025,Building Research & Information,Taylor & Francis,"Rafaella Carvalho, Fan Zhang, Tingting Liu, Rongrong Yu, Eric Chen, and Erwin Oh",Amenity preferences and design evaluation in Australian build-to-rent compact apartments: A VR/EEG study,1,0.0,20.0,25-40,,45%,visual,1,virtual reality (HMD),mobile,Lab,1.0,Emotiv Insight,Emotiv,128,0-43 / NA,1.0,5,,1.0,1.0,0.0,,,0.0,0.0,"1 - Lying, sitting, or standing with localised movement, for example, finger tapping or button pressing",1.0,4 - Head-mounted and requires smartphone/tablet,4.0,Proprietary output,PANAS,9,,different single room apartment arranegments w/wo biophilia and pther aspects,propriatary output from the MUSE,,,,,0 = Black Box,0,0.0,3 - not replicable,3.0,1.0,https://doi.org/10.1080/09613218.2025.2563272,17.10.2025,Klaus,26.01,Sonja,
Castilla et al.,2023,Building and Environment,Elsevier,"Nuria Castilla, Juan Luis Higuera-Trujillo, and Carmen Llinares",The effects of illuminance on students′ memory. A neuroarchitecture study,1,1.0,142.0,18-23,23.17,58%,visual,1,virtual reality (HMD),stat,Lab,1.0,B-Alert X10,Advanced Brain Monitoring,256,NA / NA,0.0,9,wet electrodes,1.0,1.0,1.0,,,0.0,0.0,"1 - Lying, sitting, or standing with localised movement, for example, finger tapping or button pressing",1.0,,,"Frequency domain, 𝛽",questionnaires,2,,Illuminance levels,"memory performance, heart rate, high 𝛽, EDA",,high 𝛽: alertness and working memory,,"EDA, ECG, Performance",0 = Black Box,0,0.0,3 - not replicable,3.0,0.0,https://doi.org/10.1016/j.buildenv.2022.109833,,,04.02,Sonja,
Ceylan & Erkan,2025,Proc International Conference of Contemporary Affairs in Architecture and Urbanism-ICCAUA,Alanya Üniversitesi,"Murat Ceylan, and İlker Erkan",Mental Worlds Shaped by Neuroarchitecture: The Effects of Indoor Materials on Brain Activity and Emotional Well-Being,1,0.0,35.0,20-50,28.6,,real world all modalities,6,real world,stat,Lab,1.0,Emotiv EPOC,Emotiv,,NA / NA,0.0,14,,1.0,0.0,0.0,,,0.0,0.0,"1 - Lying, sitting, or standing with localised movement, for example, finger tapping or button pressing",1.0,4 - Head-mounted and requires smartphone/tablet,4.0,"Frequency domain, δ, 𝜃, ⍺, 𝛽, λ","Profile of Mood State (POMS), Stroop",2,1.0,"different materials (wood, metal, concrete) surrounding a workplace","PSD 𝜃, ⍺, 𝛽, λ","frontal, temporal, occipital","relaxation, cognitive load",,,1 = ICA,1,1.0,3 - not replicable,3.0,,https://doi.org/10.38027/ICCAUA2025EN0350,15.10.2025,Klaus,04.02,Sonja,
Chan et al.,2026,Urban Forestry Urban Green,Elsevier,"Isabelle Y.S. Chan, Zhao Dong, Shimeng Li, Qing Guo, Yunzheng Zhang, Cary Cooper","The Interplay between Subterranean Greenery and Noise: Impacts of green density on occupants’ relaxation, intuition, and attention during wayfinding under varying noise levels",3,,,,,,,,,,,,,,,,,,,,,,,,,,,,,,,,,,,,,,,,,,,,,,,,,,,
Chang & Chen,2005,Horticultural Science,American Society for Horticultural Science,"Chen-Yen Chang, and Ping-Kun Chen",Human Response to Window Views and Indoor Plants in the Workplace,1,0.0,38.0,,,26%,visual,1,still images,stat,Lab,1.0,,,,NA / NA,0.0,,wet electrodes,0.0,1.0,0.0,,,0.0,0.0,"1 - Lying, sitting, or standing with localised movement, for example, finger tapping or button pressing",1.0,,,"Frequency domain, ⍺",STAI,2,1.0,office window view and plants,PSD ⍺,frontal,relaxation,,"EMG, BVP",9 = NA,9,0.0,3 - not replicable,3.0,,https://doi.org/10.21273/HORTSCI.40.5.1354,,,04.02,Sonja,
Chang et al.,2007,Landscape Urban Planning,Elsevier,"Chun-Yen Chang, William E. Hammitt, Ping-Kun Chen, Lisa Machnik, and Wei-Chia Su",Psychophysiological responses and restorative values of natural environments in Taiwan,2,0.0,110.0,,,,visual,1,still images,,Lab,1.0,,,,NA / NA,0.0,,,0.0,0.0,0.0,,,0.0,0.0,"0 - Lying, sitting, or standing still",0.0,,,"Frequency domain, ⍺",Perceived Restorativeness Scale (PRS),2,1.0,images of landscapes,"""left and right (EEGa and EEGb) hemisphere brain wave""",frontal,restoration,,"EMG, BVP",9 = NA,9,,3 - not replicable,3.0,,https://doi.org/10.1016/j.landurbplan.2007.09.010,14.05.2025,"Klaus, Izzy",04.02,Sonja,
Chen & Takatori,2025,Landscape Urban Planning,Elsevier,"Zongyang Chen, and Chika Takatori",Is green alone enough? A mixed-design virtual reality study on landscape elements and restorative effects across different occupations,2,0.0,120.0,,35,44%,visual,1,video immersive (HMD),stat - HMD,Lab,1.0,Neurosky Mindwave,NeuroSky,512,NA / NA,0.0,1,dry electrodes,1.0,0.0,0.0,,,0.0,0.0,"1 - Lying, sitting, or standing with localised movement, for example, finger tapping or button pressing",1.0,4 - Head-mounted and requires smartphone/tablet,4.0,"Frequency domain, ⍺, 𝜃, 𝛽","Perceived Restorativeness Scale (PRS), Restorative Outcome Scale, STAI",3,1.0,Different Garden/Forest Types and Participant Occupation,"Ratios: 𝜃/𝛽, 𝛽/⍺",,"𝜃/𝛽: relaxation, 𝛽/⍺: stress",,"ECG, EDA",0 = Black Box,0,0.0,3 - not replicable,3.0,1.0,https://doi.org/10.1016/j.landurbplan.2025.105392,,Klaus,05.02,Sonja,
Chen et al.,2025,Land Degradation & Development,Wiley,"HengXi Chen, XiaoXue Zhong, Fei Sha, YuYan Wu, Wei Lin, Hai Yan, ZhiYi Bao, WenBin Nie, and RenWu Wu",Mechanisms Linking Urban Plant Landscape Spatial Characteristics to Stress Regulation and Attention Recovery,2,0.0,59.0,18-25,,25%,visual,1,virtual reality (HMD),stat - HMD,Lab,1.0,Emotiv EPOC X,Emotiv,,NA / NA,0.0,14,,1.0,0.0,0.0,,,0.0,0.0,"1 - Lying, sitting, or standing with localised movement, for example, finger tapping or button pressing",1.0,4 - Head-mounted and requires smartphone/tablet,4.0,"Frequency domain, ⍺, 𝜃, 𝛽",questionnaires,2,1.0,"Different scale, slope, and plant configurations simulated in VR","Ratios: 𝜃/𝛽, 𝛽/⍺",,"𝛽/⍺: lower stress levels, 𝜃/𝛽: higher attention levels",,"ECG, Blood Oxygenation",9 = NA,9,0.0,3 - not replicable,3.0,1.0,https://doi.org/10.1002/ldr.70114,14.8.2025,Klaus,04.02,Sonja,
Chen et al.,2025,Front Psychol,Frontiers,"Jiayin Chen, Huiqiu Zhu, Yue Cheng, Henan Yin, Minzhe Yi, Danni Shen, Zuyao Zhang, and Jue Wu",Restorative effects and perception of nature-themed artworks in indoor environments: an empirical study based on VR+EEG,"1, 3",0.0,23.0,,,48%,visual,1,virtual reality (HMD),stat - HMD,Lab,1.0,MBrainTrain Smarting,MBrainTrain,,NA / 1-30Hz,0.0,32,,1.0,1.0,1.0,1.0,30,0.0,1.0,"1 - Lying, sitting, or standing with localised movement, for example, finger tapping or button pressing",1.0,4 - Head-mounted and requires smartphone/tablet,4.0,"Frequency domain, ⍺",Perceived Restorativeness Scale (PRS),2,1.0,"Nature Art in indoor environment vs. other art, nature window view",PSD ⍺,"frontal, parietal",higher PSD ⍺: more relaxed,,"Blood Pressure, PPG",1 = ICA,1,1.0,2 - partially replicable,2.0,1.0,https://doi.org/10.3389/fpsyg.2025.1571176,07.11.2025,Izzy,05.02,Sonja,
Chen et al.,2016,PeerJ,PeerJ,"Zheng Chen, Yujia He, and Yuguo Yu",Enhanced functional connectivity propertiess of human brains during in-situ nature experience,2,0.0,32.0,,20.6,50%,real world all modalities,6,real world,stat,Real world,2.0,Emotiv EPOC,Emotiv,,1-70 / 0.5-50 Hz,1.0,14,,1.0,0.0,1.0,0.5,50,0.0,0.0,"1 - Lying, sitting, or standing with localised movement, for example, finger tapping or button pressing",1.0,4 - Head-mounted and requires smartphone/tablet,4.0,"Frequency domain, 𝜃, ⍺, 𝛽, λ","Profile of Mood State (POMS), Perceived Restorativeness Scale (PRS), Necker Cube Pattern Control Test (NCPCT)",2,1.0,green vs urban environment,"freq power, connectivity small world networks, subjective measures",whole brain,larger 𝛽 slope: relaxation,,,2 = Auomated,2,0.0,2 - partially replicable,2.0,2.0,https://doi.org/10.7717/peerj.2210,,Klaus,04.02,Sonja,
Chen et al.,2023,Front Psychol,Frontiers,"Jiayin Chen, Bingqin He, Huiqiu Zhu, and Jianghua Wu",The implicit preference evaluation for the ceramic tiles with different visual features: Evidence from an event-related potential study,1,0.0,20.0,18-31,22.5,45%,visual,1,still images,stat,Lab,1.0,MBrainTrain Smarting,MBrainTrain,,NA / 0.1-30Hz,0.0,32,,1.0,1.0,1.0,0.1,30,0.0,1.0,"0 - Lying, sitting, or standing still",0.0,4 - Head-mounted and requires smartphone/tablet,4.0,"Time domain, N100, P200, N200",questionnaires,1,0.0,Pattern and Color of Floor tiles,"N100, P200, N200","frontal, occipital, parietal","N100: attention, P200: attention + negativity bias",,,"1 = ICA, 3 = Manual","1, 3",1.0,2 - partially replicable,2.0,1.0,https://doi.org/10.3389/fpsyg.2023.1139687,07.11.2025,Izzy,05.02,Sonja,
Cheng et al.,2023,Land,MDPI,"Yue Cheng, Jiayin Chen, Jiahua Li, Lin Li, Guanhua Hou, and Xuan Xiao",Research on the Preference of Public Art Design in Urban Landscapes: Evidence from an Event-Related Potential Study,2,0.0,36.0,20-33,24,50%,visual,1,still images,stat,Lab,1.0,Neuroscan Synamps,Compumedics Neuroscan,1000,NA / 0.5-30 Hz,0.0,64,wet electrodes,1.0,1.0,1.0,0.5,30,0.0,0.0,"1 - Lying, sitting, or standing with localised movement, for example, finger tapping or button pressing",1.0,0 - All equipment off-body mounted and participant tethered via cabling to EEG acquisition equipment,0.0,"Time domain, N100, P200, N200",questionnaires,1,0.0,abstract and figurative public art (mainly statues) rated by experts and non-experts,"N100, P200, N200","frontal, parietal","N100, P200: attention",,,"1 = ICA, 3 = Manual","1, 3",1.0,2 - partially replicable,2.0,1.0,https://doi.org/10.3390/land12101883,05.05.2025,Klaus,05.02,Sonja,
Cheng et al.,2024,Buildings,MDPI,"Yue Cheng, Jiayin Chen, Jiajia Tang, Wenbo Xu, Dong Lv, and Xuan Xiao","Urban Landscape Perception Research Based on the ERP Method A Case Study of Jingdezhen, China",2,0.0,20.0,20-25,21,50%,visual,1,still images,stat,Lab,1.0,,,500,NA / 0.1-30Hz,0.0,64,wet electrodes,1.0,1.0,1.0,0.1,30,0.0,0.0,"1 - Lying, sitting, or standing with localised movement, for example, finger tapping or button pressing",1.0,,6.0,"Time domain, P200, N400",,1,0.0,landscape images and descriptive words,"P200, N400 amplitudes","frontal, parietal","P200: early attention
N400: cognitive confict",,,1 = ICA,1,1.0,3 - not replicable,3.0,1.0,https://doi.org/10.3390/buildings14040962,,Klaus,14.02,Sonja,
Chiang et al.,2017,Landscape Urban Planning,Elsevier,"Yen-Cheng Chiang, Dongying Li, and Hao-Ann Jane",Wild or tended nature? The effects of landscape location and vegetation density on physiological and psychological responses,2,0.0,180.0,17-34,21.4,46%,visual,1,still images,stat,Lab,1.0,Neurosky Mindwave,NeuroSky,256,NA / NA,0.0,1,dry electrodes,1.0,0.0,0.0,,,0.0,0.0,"0 - Lying, sitting, or standing still",0.0,4 - Head-mounted and requires smartphone/tablet,4.0,"Frequency domain, ⍺","Profile of Mood State (POMS), Stroop, questionnaires",2,1.0,attention restoration based on denisty of greenery and position to view greenery,PSD ⍺,,relaxation,,,9 = NA,9,0.0,3 - not replicable,3.0,,http://dx.doi.org/10.1016/j.landurbplan.2017.06.001,,Klaus,14.02,Sonja,
Cho et al.,2025,Applied Sciences,MDPI,"Ju Eun Cho, Se Yeon Kang, Yi Yeon Hong, and Jong Jun ",Predicting Architectural Space Preferences Using EEG-Based Emotion Analysis: A CNN-LSTM Approach,1,1.0,40.0,,24,50%,visual,1,still images,stat,Lab,1.0,Enobio,Neuroelectrics,500,NA/1-30Hz; 60Hz,0.0,32,,1.0,1.0,1.0,1.0,30,0.0,1.0,"0 - Lying, sitting, or standing still",0.0,4 - Head-mounted and requires smartphone/tablet,4.0,"Time domain, N100, P200, P300, LPP",,1,0.0,"Images of Preferred vs. non preferred architectural styles ","N1,N2, P3, LPP","parietal, occipital",emotional and cognitive processing,,,1 = ICA,1,1.0,2 - partially replicable,2.0,1.0,https://doi.org/10.3390/app15084217,28.10.25,Izzy,14.02,Sonja,
Cho et al.,2022,J Urban Health,Springer Nature,"Hyung Rae Cho, Saehoon Kim, and Jae Seung Lee ","Spaces Eliciting Negative and Positive Emotions in Shrinking Neighbourhoods: a Study in Seoul, South Korea, Using EEG (Electroencephalography)",2,0.0,45.0,12-65,31.6,42%,real world all modalities,6,real world,mobile,Real world,2.0,Emotiv EPOC+,Emotiv,128,0.1 - 30 Hz,0.0,14,,1.0,0.0,1.0,0.1,30,0.0,0.0,2 - Constrained walking/cycling,2.0,4 - Head-mounted and requires smartphone/tablet,4.0,"Frequency domain, ⍺, 𝛽",,2,1.0,"open space, social interaction, vehicle-orientation. vandalism",Emotion,,positive and negative emotions,,,0 = Black Box,0,0.0,3 - not replicable,3.0,,https://doi.org/10.1007/s11524-022-00608-8,,Klaus,14.02,Sonja,
Choi,2024,,Springer Nature,Hee Sun Choi,"Human-Centred Design: Evaluating Meso-scale Interior Public Realms and Spaces: A Case Study of Elements Mall, Hong Kong",2,0.0,30.0,8-75,,,visual + auditory,3,virtual reality (HMD),stat - HMD,Lab,1.0,Emotiv EPOC,Emotiv,,NA/NA,0.0,14,semi-dry,0.0,0.0,0.0,,,0.0,0.0,"0 - Lying, sitting, or standing still",0.0,4 - Head-mounted and requires smartphone/tablet,4.0,,questionnaires,,0.0,"10 different spatial designs with 4 variation levels ",,,,,fMRI,6 = ML,6,0.0,3 - not replicable,3.0,0.0,https://doi.org/10.1007/978-981-95-0899-0_7,15.12.2025,Izzy,15.02,Sonja,
Choi et al.,2023,Urban Science,MDPI,"Hee Sun Choi, Gerhard Bruyns, Wang Zhang, Tian Cheng, and Saijal Sharma",Spatial Cognition and Three-Dimensional Vertical Urban Design Guidelines—Cognitive Measurement and Modelling for Human Centre Design,1,0.0,40.0,16-75,,,visual,1,virtual reality (HMD),stat - HMD,Lab,1.0,Emotiv EPOC,Emotiv,,NA / 1-50Hz,0.0,16,,0.0,0.0,1.0,1.0,50,0.0,0.0,"0 - Lying, sitting, or standing still",0.0,4 - Head-mounted and requires smartphone/tablet,4.0,"Frequency domain, δ, 𝜃, ⍺, 𝛽, λ",,2,1.0,different indoor designs,PSD but unsure which bands,,,,,"1 = ICA, 6 = ML",1,1.0,3 - not replicable,3.0,,https://doi.org/10.3390/urbansci7040125,6.11.25,Izzy,16.02,Sonja,
Choi et al.,2016,Complementary Therapies in Medicine,Elsevier,"Ji-Young Choi, Sin-Ae Park, Soo-Jin Jung, Ji-Young Lee, Ki-Cheol Son, Youn-Joo An, and Sang-Woo Lee",Physiological and psychological responses of humans to the index of greenness of an interior space,2,0.0,103.0,,21.6,49%,visual,1,real world,stat,Lab,1.0,BIOPAC EEG100C,BIOPAC,,NA / NA,0.0,4,,1.0,0.0,0.0,,,0.0,0.0,"1 - Lying, sitting, or standing with localised movement, for example, finger tapping or button pressing",1.0,0 - All equipment off-body mounted and participant tethered via cabling to EEG acquisition equipment,0.0,"Frequency domain, ⍺, 𝜃, 𝛽, λ",questionnaires,2,1.0,level of greeness,"Semantic differential, FFT ⍺",,relaxation,,ECG,0 = Black Box,0,0.0,3 - not replicable,3.0,,https://doi.org/10.1016/j.ctim.2016.08.002,,Klaus,15.02,Sonja,
Choi et al.,2024,J Urban Design,Taylor & Francis,"Hee Sun (Sunny) Choi, Gerhard Bruyns, Tian Cheng, Wang Zhang, and Saijal Sharma",Human cognition and emotions for human-centred design in vertical interior urban spaces,1,0.0,40.0,,,,visual,1,"virtual reality (HMD), video (monitor)",stat - HMD,Lab,1.0,,,,NA / NA,0.0,14,,0.0,0.0,0.0,,,0.0,0.0,"1 - Lying, sitting, or standing with localised movement, for example, finger tapping or button pressing",1.0,4 - Head-mounted and requires smartphone/tablet,4.0,"Frequency domain, ⍺, 𝜃, 𝛽, λ",,2,1.0,"different densities of green, visibility, etc. in vertical spaces, VR animated scenes","Power in 𝜃, ⍺, 𝛽, λ",,,,,6 = ML,6,0.0,3 - not replicable,3.0,,https://doi.org/10.1080/13574809.2024.2357803,,Klaus,16.02,Sonja,
Chung et al.,2018,J Medical Internet Research,JMIR Publications,"Kyungmi Chung, Daeho Lee, and Jin Young Park",Involuntary Attention Restoration During Exposure to Mobile-Based 360° Virtual Nature in Healthy Adults With Different Levels of Restorative Experience: Event-Related Potential Study,2,0.0,40.0,19-39,23.78,55%,visual + auditory,3,video immersive (HMD),stat - HMD,Lab,1.0,Geodesic 400,Electrical Geodesic Inc.,1000,0.01-400Hz/0.3-30Hz,1.0,64,wet electrodes,0.0,1.0,1.0,0.3,30,0.0,1.0,"1 - Lying, sitting, or standing with localised movement, for example, finger tapping or button pressing",1.0,0 - All equipment off-body mounted and participant tethered via cabling to EEG acquisition equipment,0.0,Time domain,Perceived Restorativeness Scale (PRS),1,0.0,"360degree videos of Nature (soft fascination) compared to Fireworks (hard fascination) ",P3a amplitude at frontal electrodes,frontal,P3s: restorative effect,,,2 = Auomated,2,0.0,2 - partially replicable,2.0,,https://doi.org/10.2196/11152,25.04.2025,Izzy,16.02,Sonja,
Collins et al.,2025,Front Human Neuroscience,Frontiers,"Sara A. Collins, Amy S. McDonnell, Emily E. Scott, Glen D. McNay, Mary F. Shannon, Lensky Augustin, Janet Nicole Hoffmann, Sharde Johnson, David L. Strayer, and Sara B. LoTemplio",Nature imagery's influence on ERN amplitude: an examination of Attention Restoration Theory using EEG,2,0.0,60.0,18-44,,27%,visual,1,still images,stat,Lab,1.0,,,250,NA/0.1-30,1.0,3,wet electrodes,1.0,1.0,1.0,0.1,30,0.0,1.0,"1 - Lying, sitting, or standing with localised movement, for example, finger tapping or button pressing",1.0,"3 - Head-mounted EEG system, with additional equipment located in a rucksack or off-body",3.0,"Time domain, ERN","questionnaires, Flanker Task",1,0.0,10 min pre-taks viewing of Urban vs. Nature images,ERN amplitude during flanker test,,,,,2 = Auomated,2,0.0,1 - replicable,1.0,2.0,https://doi.org/10.3389/fnhum.2025.1567689,27.10.25,Izzy,16.02,Sonja,
Consalvi et al.,2024,Educat Sci,MDPI,"Lorenzo Consalvi, Kim Ouwehand, and Fred Paas",Effects of Observing Urban and Natural Scenes on Working Memory Depletion and Restoration: An EEG Study,2,0.0,62.0,,20.3,33%,visual,1,still images,stat,Lab,1.0,Biosemi ActiveTwo,Biosemi,512,NA / 1-60 Hz,0.0,32,wet electrodes,1.0,1.0,1.0,0.1,60,0.0,0.0,"1 - Lying, sitting, or standing with localised movement, for example, finger tapping or button pressing",0.0,0 - All equipment off-body mounted and participant tethered via cabling to EEG acquisition equipment,0.0,"Frequency domain, ⍺, 𝜃","Digital Span Task, questionnaires",2,1.0,restoration via biopilic or urban images after a working memory depletion task set,"frontal midline 𝜃, posterior ⍺ power","frontal, parietal, occipital","𝜃 - focused attention , ⍺ - relaxed wakefulness",,ECG,3 = Manual,3,0.0,2 - partially replicable,2.0,2.0,https://doi.org/10.3390/educsci14111204,,Klaus,27.02.,Sonja,
Cruz-Garza et al.,2022,J Building Engineering,Elsevier,"Jesus G. Cruz-Garza, Michael Darfler, James D. Rounds, Elita Gao, and Saleh Kalantari",EEG-based investigation of the impact of room size and window placement on cognitive performance,1,0.0,23.0,18-55,26.17,65%,visual,1,virtual reality (HMD),stat,Lab,1.0,BrainProducts Actichamp,Brain Products,500,NA/0.5-50Hz,0.0,57,,0.0,1.0,1.0,0.5,50,1.0,1.0,"1 - Lying, sitting, or standing with localised movement, for example, finger tapping or button pressing",1.0,0 - All equipment off-body mounted and participant tethered via cabling to EEG acquisition equipment,0.0,"Frequency domain, δ, 𝜃, ⍺, 𝛽, λ, PDC (partial directed coherence)",questionnaires,2,1.0,Window placement nad width in Virtual Classroom,PSD and PDC as parameters to train classifier,whole brain,Classifier,,Performance,"1 = ICA, 2 = Auomated, 6 = ML","1, 2, 6",1.0,2 - partially replicable,2.0,,https://doi.org/10.1016/j.jobe.2022.104540,7.1.26,Izzy,27.02.,Sonja,
Da et al.,2024,Building and Environment,Elsevier,"Chenlu Da, Yongsheng Li, Xinmei Gao, Xiaoxu Zhang, Yuxi Yang, Huiying Ma, Baihe Zhao, Tianxu Hu, Yongcan Ma, Jinxuan Liu, Ling Qiu, and Tian Gao",Seasonal variations in psychophysiological stress recovery from street greenery: A virtual reality study on vegetation structures and configurations,2,0.0,1136.0,18-55,22.33,24%,visual,1,virtual reality (HMD),stat,Lab,1.0,Neurosky Mindwave,NeuroSky,,NA/NA,0.0,1,dry electrodes,0.0,1.0,0.0,,,0.0,0.0,"1 - Lying, sitting, or standing with localised movement, for example, finger tapping or button pressing",1.0,4 - Head-mounted and requires smartphone/tablet,4.0,"Frequency domain, ⍺, 𝛽, λ",PANAS,2,1.0,"streetscape VEs with different vegetation x season combinations ","⍺, 𝛽, γ",,stress recovery,,"EDA, Skin Temperature",9 = NA,9,0.0,3 - not replicable,3.0,0.0,https://doi.org/10.1016/j.buildenv.2024.112058,,,27.02.,Sonja,
Deng et al.,2020,Urban Forestry Urban Green,Elsevier,"Li Deng, Xi Li, Hao Luo, Er-Kang Fu, Jun Ma, Ling-Xia Sun, Zhuo Huang, Shi-Zhen Cai, and Yin Jia","Empirical study of landscape types, landscape elements and landscape components of the urban park promoting physiological and psychological restoration",2,0.0,60.0,19-24,20.8,50%,real world all modalities,6,real world,stat,Real world,2.0,Neurosky Mindwave,NeuroSky,512,,0.0,1,dry electrodes,1.0,0.0,0.0,,,0.0,0.0,"0 - Lying, sitting, or standing still",0.0,4 - Head-mounted and requires smartphone/tablet,4.0,"Frequency domain, 𝜃, ⍺, 𝛽, Proprietary output",Profile of Mood State (POMS),"2, 9",1.0,Different Locations in a park in china (and their features),"theta, beta, alpha, meditation and attention scores (neurosky proprietary)",,,,"Blood Glucose, Blood Pressure",0 = Black Box,0,0.0,3 - not replicable,3.0,0.0,https://doi.org/10.1016/j.ufug.2019.126488,27.10.25,Izzy,27.02.,Sonja,
Deng et al.,2021,Building and Environment,Elsevier,"Min Deng, Xi Wang, and Carol C. Menassa",Measurement and prediction of work engagement under different indoor lighting conditions using physiological sensing,1,0.0,12.0,20-30,,,visual,1,real world,stat,Lab,1.0,Emotiv EPOC+,Emotiv,128,,0.0,14,,1.0,0.0,1.0,0.5,65,0.0,1.0,"1 - Lying, sitting, or standing with localised movement, for example, finger tapping or button pressing",1.0,4 - Head-mounted and requires smartphone/tablet,4.0,"Frequency domain, ⍺",questionnaires,2,1.0,Illuminance,FAA,frontal,work engagement,,"EDA, ECG, Skin Temperature",1 = ICA,1,1.0,3 - not replicable,3.0,," https://doi.org/10.1016/j.buildenv.2021.108098",8.1.26,Izzy,27.02.,Sonja,
Ding et al.,2022,PLoS One,PLOS,"Ningning Ding, Yongde Zhong , Jiaxiang Li, Qiong Xiao, Shuangquan Zhang, snd Hongling Xia",Visual preference of plant features in different living environments using eye tracking and EEG,2,1.0,42.0,18-63,,34%,visual,1,still images,stat,Lab,1.0,Neurosky Mindwave,NeuroSky,,NA / NA,0.0,1,,0.0,1.0,0.0,,,0.0,0.0,"1 - Lying, sitting, or standing with localised movement, for example, finger tapping or button pressing",1.0,4 - Head-mounted and requires smartphone/tablet,4.0,"Frequency domain, ⍺, 𝜃, 𝛽, λ",,"2, 9",1.0,different plant pictures,Black Box attention meditation derived from power,,"attention, meditation",,Eyetracking,0 = Black Box,0,0.0,3 - not replicable,3.0,,https://doi.org/10.1371/journal.pone.0279596,,Klaus,28.02,Sonja,
Djebbara et al.,2019,Proc Natl Acad Sci USA,National Academy of Science USA,"Zakaria Djebbara, Lars Brorson Fich, Laura Petrini, and Klaus Gramann",Sensorimotor brain dynamics reflect architectural affordances,1,0.0,19.0,,28.1,55%,visual,1,virtual reality (HMD),mobile,Lab,1.0,ANT eegoSport,ANT Neuro,500,NA / 1-100 Hz,0.0,64,,0.0,1.0,1.0,1.0,100,1.0,1.0,3 - Unconstrained walking/cyclin,3.0,1 - Waist-mounted (or back-mounted) with additional equipment located in a rucksack,1.0,Time domain,SAM,1,0.0,affordance of doors,"SAM, Approach time, Epic, PINV ","frontal, occipital","P1-N1 increased atentional processing
PINV - readiness to act
",,,1 = ICA,1,1.0,1 - replicable,1.0,2.0,https://doi.org/10.1073/pnas.1900648116,,Klaus,28.02.,Sonja,
Djebbara et al.,2021,Scientific Reports,Springer Nature,"Zakaria Djebbara, Lars Brorson Fich, and Klaus Gramann ",The brain dynamics of architectural affordances during transition,1,0.0,19.0,,28.1,55%,visual,1,virtual reality (HMD),mobile,Lab,1.0,ANT eegoSport,ANT Neuro,500,0.3-250 / 1-100 Hz,1.0,64,,0.0,1.0,1.0,1.0,100,1.0,1.0,3 - Unconstrained walking/cyclin,3.0,1 - Waist-mounted (or back-mounted) with additional equipment located in a rucksack,1.0,Frequency domain,SAM,2,1.0,affordance of doors,ERSPs,"occipital, parietal, frontal","sensomotory integration, alpha erd - immediate processing of affordances",,,1 = ICA,1,1.0,1 - replicable,1.0,2.0,https://doi.org/10.1038/s41598-021-82504-w,,Klaus,28.02.,Sonja,
Ducao et al.,2020,Int J Com WB,Springer Nature,"Arlene Ducao, Ilias Koen, Zhiqi Guo, Jordi Frank, Chris Willard and Jenny Kam ",Multimer: Modeling Neurophysiological Experience in Public Urban Space,2,0.0,101.0,,,,real world all modalities,6,real world,mobile,Real world,2.0,Mindrider,NeuroSky,,NA / NA,0.0,1,,0.0,0.0,0.0,,,0.0,0.0,3 - Unconstrained walking/cyclin,3.0,4 - Head-mounted and requires smartphone/tablet,4.0,"Frequency domain, ⍺, 𝜃, 𝛽, λ",,2,1.0,walking through different city areas,Black Box attention meditation derived from power,,"attention, meditation",,ECG,0 = Black Box,0,0.0,3 - not replicable,3.0,1.0,https://doi.org/10.1007/s42413-020-00082-7,,Klaus,28.02.,Sonja,
Ekmekçi et al.,2025,Architectural Science Review,Taylor & Francis,"A. Hakan Ekmekçi, Ebru Erdogan, Burak Yilmaz, and H. Abdullah Erdogan",Visual brain responses to architectural images; expertise-based differences in pattern-reversal VEPs,1,1.0,45.0,,30.4,52%,visual,1,still images,stat,Lab,1.0,,,,5-200 / 5-200 Hz,1.0,1,,1.0,1.0,1.0,5.0,200,1.0,0.0,"1 - Lying, sitting, or standing with localised movement, for example, finger tapping or button pressing",1.0,,,"Time domain, Frequency domain","questionnaires, Aesthetic Ratings","1, 2",,architectural images vs checkerboard basline,many parameters with gamma power as one established,,"cognitive-perceptual integration, sustained attention, complex isual processing ",,,"3 = Manual, 6 = ML, 9 = NA","3, 6, 9",0.0,2 - partially replicable,2.0,1.0,https://doi.org/10.1080/00038628.2025.2591882,06.12.2025,Klaus,28.02.,Sonja,
Elbaiuomy et al.,2017,Int J Low-Carbon Technologies,Oxford University Press,"Eslam Elbaiuomy, Ibrahim Hegazy, and Sherif Sheta",The impact of architectural spaces’ geometric forms and construction materials on the users’ brainwaves and consciousness status,1,0.0,,,,,,,,,,,,,,,,,,,,,,,,,,,,,,,,,,,,,,,,,,,,,,6.1.26,Izzy,28.02.,Sonja,
Elsadek et al.,2021,Health Environ Res Design J,Sage Publishing,"Mohamed Elsadek, Yuhan Shao, Binyi Liu",Benefits of Indirect Contact With Nature on the Physiopsychological Well-Being of Elderly People,2,1.0,29.0,,82.9,50%,visual,1,still images,stat,Lab,1.0,Emotiv EPOC,Emotiv,,NA / 0.5-50 Hz,0.0,14,wet electrodes,1.0,0.0,1.0,0.5,50,0.0,0.0,"1 - Lying, sitting, or standing with localised movement, for example, finger tapping or button pressing",1.0,4 - Head-mounted and requires smartphone/tablet,4.0,"Frequency domain, ⍺","questionnaires, Profile of Mood State (POMS)",2,1.0,bamboo forrest vs urban image,"relative Freq, ⍺","frontal, occipital",relaxation,,"ECG, EDA",0 = Black Box,2,0.0,2 - partially replicable,2.0,,https://doi.org/10.1177/19375867211006654,,Klaus,28.02.,Sonja,
Elsadek et al.,2024,Building and Environment,Elsevier,"Mohamed Elsader, Zhang Deshun, and Binyi Liu","High-rise window views: Evaluating the physiological and psychological impacts of green, blue, and built environments",2,0.0,45.0,,27,44%,visual,1,video (monitor),stat,Lab,1.0,Emotiv EPOC,Emotiv,,NA / NA,0.0,14,,1.0,0.0,0.0,,,0.0,0.0,"0 - Lying, sitting, or standing still",0.0,4 - Head-mounted and requires smartphone/tablet,4.0,"Frequency domain, ⍺",STAI,2,1.0,"drone captured videos of blue, green, urban, green-blue and green-urban simulated views from high-rise windows",occipital PSD ⍺,occipital,relaxation,,"ECG, EDA, Skin Temperature",1 = ICA,1,1.0,3 - not replicable,3.0,1.0,https://doi.org/10.1016/j.buildenv.2024.111798,15.05.2025,Izzy,02.03.,Sonja,
Elsadek et al.,2020,Urban Forestry Urban Green,Elsevier,"Mohamed Elsadek, Binyi Liu, and Junfang Xie",Window view and relaxation: Viewing green space from a high-rise estate improves urban dwellers’ wellbeing,2,1.0,30.0,,29.6,0%,real world all modalities,6,real world,stat,Real world,2.0,Emotiv EPOC,Emotiv,2048,1-70 / 0.5-50,1.0,14,semi-dry,1.0,0.0,1.0,0.5,50,0.0,0.0,"0 - Lying, sitting, or standing still",0.0,4 - Head-mounted and requires smartphone/tablet,4.0,"Frequency domain, ⍺",Profile of Mood State (POMS),2,1.0,Looking out of office window at green area or city area,relative ⍺ Power,"frontal, occipital","relaxation, awareness",,"ECG, EDA",1 = ICA,1,1.0,2 - partially replicable,2.0,,https://doi.org/10.1016/j.ufug.2020.126846,04.09.2025,Izzy,02.03.,Sonja,
Elsadek et al.,2019,Urban Forestry Urban Green,Elsevier,"Mohamed Elsadek, Binyi Liu, and Zefeng Lian ",Green façades: Their contribution to stress recovery and well-being in high-density cities,2,1.0,25.0,,23,0%,real world all modalities,6,real world,stat,Real world,2.0,Emotiv EPOC,Emotiv,,1-70 / 0.5-50,1.0,14,wet electrodes,1.0,0.0,1.0,0.5,50,0.0,0.0,"0 - Lying, sitting, or standing still",0.0,4 - Head-mounted and requires smartphone/tablet,4.0,"Frequency domain, ⍺, 𝜃, 𝛽, λ",Profile of Mood State (POMS),2,1.0,green wall vs concrete wall,PSD ⍺,"frontal, occipital",wakefull relaxation,,"ECG, EDA",1 = ICA,1,1.0,2 - partially replicable,2.0,,https://doi.org/10.1016/j.ufug.2019.126446,,Klaus,02.03.,Sonja,
Elsadek et al.,2024,Environment and Behavior,Sage Publishing,"Mohamed Elsadek, Li Yinan, Mehdi Makvandi, and Zhang Deshun",Seasonal Influence of Sakura Trees on Human Health: Evidence From Physiological and Psychological Responses,2,0.0,75.0,18-29,22.6,48%,real world all modalities,6,real world,stat,Real world,2.0,Emotiv EPOC,Emotiv,,NA / NA,0.0,14,,1.0,0.0,0.0,,,0.0,0.0,"1 - Lying, sitting, or standing with localised movement, for example, finger tapping or button pressing",1.0,4 - Head-mounted and requires smartphone/tablet,4.0,"Frequency domain, ⍺","STAI, Profile of Mood State (POMS), questionnaires",2,1.0,"different seasonal apparances of cherry blossom trees, between subject design ",PSD ⍺,frontal,"relaxation, emotional engagement",,"ECG, EDA",1 = ICA,1,1.0,3 - not replicable,3.0,,https://doi.org/10.1177/00139165241305895,,Klaus,02.03.,Sonja,
Elsayed et al.,2024,Int J Architectural Research,Emerald Publishing Ltd,"Mirame Elsayed, Abeer Elshater, Dina Shehayeb, Maros Finka, and Samy M.Z. Afifi",Exploring the restorative environments in Bratislava using EEG and VR: a neuro-urbanism approach,2,0.0,8.0,,,50%,visual + auditory,3,virtual reality (HMD),stat,Lab,1.0,OpenBCI,OpenBCI,,NA / NA,0.0,8,,1.0,0.0,0.0,,,0.0,0.0,"1 - Lying, sitting, or standing with localised movement, for example, finger tapping or button pressing",1.0,4 - Head-mounted and requires smartphone/tablet,4.0,"Frequency domain, ⍺",questionnaires,2,1.0,different urban environments with green and built density variations,PSD ⍺,"frontal, parietal, occipital",relaxation,,,9 = NA,9,0.0,3 - not replicable,3.0,,https://doi.org/10.1108/ARCH-02-2024-0068,,Klaus,02.03.,Sonja,
Ergan et al.,2018,J Comput Civ Eng,American Society of Civil Engineers,"Semiha Ergan, Ahmed Radwan, Zhengbo Zou, Hua-an Tseng, and Xue Han",Quantifying Human Experience in Architectural Spaces with Integrated Virtual Reality and Body Sensor Networks,1,0.0,33.0,21-30,,67%,visual,1,virtual reality (HMD),stat - HMD,Lab,1.0,,,128,NA / 0.5-50 Hz,0.0,14,,1.0,0.0,1.0,0.5,50,0.0,0.0,"1 - Lying, sitting, or standing with localised movement, for example, finger tapping or button pressing",1.0,4 - Head-mounted and requires smartphone/tablet,4.0,"𝜃, ⍺, 𝛽, λ, Frequency domain, Proprietary output",questionnaires,2,1.0,"architectural features like light, symmetry etc.","Power in 𝜃, ⍺, 𝛽, λ, FAA",frontal,relaxation,,"EDA, Eyetracking, EMG, ECG",3 = Manual,3,0.0,3 - not replicable,3.0,,https://doi.org/10.1061/(ASCE)CP.1943-5487.0000812,,Klaus,02.03.,Sonja,
Erkan,2021,Architectural Science Review,Taylor & Francis,İlker Erkan,A neuro-cognitive investigation of the impact of glass floors on people,1,0.0,110.0,18-65,32.8,60%,visual,1,virtual reality (HMD),stat - HMD,Lab,1.0,,,,NA / NA,0.0,,,0.0,0.0,0.0,,,0.0,0.0,"1 - Lying, sitting, or standing with localised movement, for example, finger tapping or button pressing",1.0,4 - Head-mounted and requires smartphone/tablet,4.0,"Frequency domain, ⍺, 𝛽",Profile of Mood State (POMS),2,1.0,"Height of glass floor ",⍺,,physiological stress,,"Eyetracking, EDA, ECG",9 = NA,9,0.0,3 - not replicable,3.0,,https://doi.org/10.1080/00038628.2020.1858574,3.11.25,Izzy,03.03.,Sonja,
Erkan,2018,Architectural Science Review,Taylor & Francis,İlker Erkan,Examining wayfinding behaviours in architectural spaces using brain imaging with electroencephalography (EEG),1,0.0,343.0,18-65,35.8,49%,visual,1,virtual reality (HMD),stat - HMD,Lab,1.0,,,,NA / NA,0.0,,,0.0,0.0,0.0,,,0.0,0.0,"1 - Lying, sitting, or standing with localised movement, for example, finger tapping or button pressing",1.0,4 - Head-mounted and requires smartphone/tablet,4.0,"𝜃, ⍺, 𝛽, λ, Frequency domain",questionnaires,2,1.0,"maze ceiling height, gender, age","Power in 𝜃, ⍺, 𝛽, λ","frontal, parietal, occipital","𝛽 - active decision making, 𝜃 - anxiety, ⍺ - object recognition",,,3 = Manual,3,0.0,3 - not replicable,3.0,,https://doi.org/10.1080/00038628.2018.1523129,,Klaus,03.03.,Sonja,
Erkan,2023,Open House International,Emerald Publishing Ltd,İlker Erkan,A neuro-cognitive perspective on urban behavior of people with different moods,2,0.0,210.0,18-40,30.8,45%,real world all modalities,6,real world,mobile,Real world,2.0,,,," NA / NA",0.0,,,0.0,0.0,0.0,,,0.0,0.0,3 - Unconstrained walking/cyclin,3.0,"3 - Head-mounted EEG system, with additional equipment located in a rucksack or off-body",3.0,"⍺, 𝛽, Frequency domain",,2,1.0,green urban space vs busy urban space,"Power in ⍺, 𝛽",temporal,"⍺ - relaxation, 𝛽 - attention",,"Eyetracking, Blood Pressure, ECG",9 = NA,0,0.0,3 - not replicable,3.0,1.0,https://doi.org/10.1108/OHI-10-2022-0252,,Klaus,03.03.,Sonja,
Fan et al.,2025,Building and Environment,Elsevier,"Xing Fan, Die Hu, Yiyuan Fan, Jianyi Yang, Huiyi Liang, Tian Gao, and Ling Qiu","Urban restorative environments: The critical role of building density, vegetation structure, and multi-sensory stimulation in psychophysiological recovery",2,0.0,180.0,18-24,21.2,22%,visual + auditory + olfactory,5,virtual reality (HMD),stat,Lab,1.0,Visheew Infinity 3000,Nanjing Visheew Medical Technology,,NA / NA,0.0,,,0.0,0.0,0.0,,,0.0,0.0,"1 - Lying, sitting, or standing with localised movement, for example, finger tapping or button pressing",1.0,,,"Frequency domain, ⍺, 𝛽, λ","Perceived Restorativeness Scale (PRS), Perceived Restorativeness Soundscape Scale (PRSS), PANAS, Olfactory Perception",2,1.0,"green density, built density, sensory modalities (all with 3 levels each)","Power in 𝜃, ⍺, 𝛽",," 𝜃 - creativity vs sustained attention, ⍺ - fakefullness, 𝛽- attention",,"ECG, EDA",9 = NA,9,0.0,3 - not replicable,3.0,0.0,https://doi.org/10.1016/j.buildenv.2025.113190,45827,Klaus,03.03.,Sonja,
Farhangi et al.,2025,Cogn Systems Res,Elsevier,"Farbod Farhangi, Abolghasem Sadeghi-Niaraki, Seyed Vahid Razavi-Termeh, Farimah Farhangi, and Soo-Mi Choi",Cognitive modeling based on geotagged pictures of urban landscapes using mobile electroencephalogram signals and machine learning models,2,0.0,32.0,21-59,30,47%,visual,1,still images,stat,Lab,1.0,Neurosky Mindwave 2,NeuroSky,,0.5-49 / NA,1.0,1,,0.0,0.0,0.0,,,0.0,0.0,"1 - Lying, sitting, or standing with localised movement, for example, finger tapping or button pressing",1.0,4 - Head-mounted and requires smartphone/tablet,4.0,Proprietary output,,3,2.0,color distribution and edges in geo-tagged urban images,Black-box attention and meditative states when watching geo-tagged images,,,,,0 = Black Box,0,0.0,3 - not replicable,3.0,1.0,https://doi.org/10.1016/j.cogsys.2025.101324,,Klaus,03.03.,Sonja,
Feng & Li,2025,Scientific Reports,Springer Nature,Jianxi Feng and Qiyan Li,"Investigate physiological and psychological responses to environment scenes, elements and components in different urban settings",2,0.0,31.0,21-26,,39%,real world all modalities,6,real world,mobile,Real world,2.0,PLUX Biosignals,Plux Biosignals,1000,NA / NA,0.0,1,,0.0,1.0,0.0,,,0.0,0.0,3 - Unconstrained walking/cyclin,3.0,4 - Head-mounted and requires smartphone/tablet,4.0,"Frequency domain, ⍺, 𝛽","Profile of Mood State (POMS), Perceived Restorativeness Scale (PRS)",2,1.0,density of green vs built spaces with specific object classes in different environments,"PSD  ⍺, 𝛽 based on Biosignals Algorithm (no description black box in this case)",frontal,"relaxation, attention",,EDA,0 = Black Box,0,0.0,3 - not replicable,3.0,1.0,https://doi.org/10.1038/s41598-025-86448-3,additional edits on 17.8.2025 by Klaus (real world protocol),"Klaus, Izzy",03.03.,Sonja,
Fu et al.,2024,Front Psychol,Frontiers,"Wen Jun Fu, Fei Gao, Xing Zhang, Bo Dong, Xi Lin Chen, Xin Xu, Zhi Yu Yang, Yong Liu",Tree–shrub–grass composite woodland better facilitates  emotional recovery in college  students emotion better than other plant communities,"3, 2",0.0,20.0,18-25,,,visual,1,still images,stat,Lab,1.0,Synamps2,Compumedics Neuroscan,500,,0.0,62,,0.0,1.0,0.0,1.0,40,0.0,0.0,"1 - Lying, sitting, or standing with localised movement, for example, finger tapping or button pressing",1.0,0 - All equipment off-body mounted and participant tethered via cabling to EEG acquisition equipment,,"Frequency domain, δ, 𝜃, ⍺, 𝛽",PANAS,2,1.0,type of wood-/grassland,PSD alpha,"parietal, occipital",relaxation,,,9 = NA,9,0.0,3 - not replicable,3.0,1.0,https://doi.org/10.3389/fpsyg.2024.1285792,13.01.2026,Izzy,,,
Fukumoto et al.,2024,PLoS One,PLOS,"Hiroyuki Fukumoto, Masahiro Shimoda, and Saeko Hoshino",The effects of different designs of indoor biophilic greening on psychological and physiological responses and cognitive performance of office workers,1,0.0,18.0,,33.4,48%,real world all modalities,6,real world,stat,Real world,2.0,Emotiv Epoc Flex,Emotiv,128,NA / NA,0.0,32,wet electrodes,1.0,0.0,0.0,,,0.0,0.0,"1 - Lying, sitting, or standing with localised movement, for example, finger tapping or button pressing",1.0,4 - Head-mounted and requires smartphone/tablet,4.0,"𝜃, ⍺1, ⍺2, 𝛽1, 𝛽2, Frequency domain","PANAS, Stroop",2,,different green indoor office  design (japanese vs tropical vs no green),"relative power in 𝜃, ⍺1, ⍺2, 𝛽1, 𝛽2","frontal, occipital, parietal","𝜃 relaxation, 𝛽 anxiety",,ECG,1 = ICA,3,1.0,3 - not replicable,3.0,0.0,https://doi.org/10.1371/journal.pone.0307934,,Klaus,03.03.,Sonja,
Gabriel et al.,2026,Neuroscience,Elsevier,"Damien Gabriel, Pierre-Edouard Billot, Sylvie Tufeu, Eric Fernandez, Stéphanie Brédif, Florine Maylié, Karena Moretto, Virginie Fera, and Julie Giustiniani",Unravelling the impact on attention and emotions on neurophysiological responses to a multisensory experience of nature,3,1.0,32.0,25-49,32,0%,visual + auditory + olfactory,5,still images,stat,Lab,1.0,Geodesic Netamp,Electrical Geodesic Inc.,1000,1 - 500Hz / 1-30 Hz,1.0,256,,1.0,1.0,1.0,1.0,30,0.0,0.0,"1 - Lying, sitting, or standing with localised movement, for example, finger tapping or button pressing",1.0,0 - All equipment off-body mounted and participant tethered via cabling to EEG acquisition equipment,0.0,"Time domain, P100, N100, P200, P300",questionnaires,1,0.0,number of sensroy inputs during green vs grey images,"RT, errors (Go/NoGo task), ERP P1-N1, EPN, P3",whole brain,,,"ECG, EDA, breathing",9 = NA,,0.0,2 - partially replicable,2.0,0.0,https://doi.org/10.1016/j.neuroscience.2026.01.034,01.02.2026,Klaus,,,
Gao et al.,2019,Int J Environ Res Pub Health,MDPI,"Tian Gao, Tian Zhang, Ling Zhu, Yanan Gao, and Ling Qiu",Exploring Psychophysiological Restoration and Individual Preference in the Different Environments Based on Virtual Reality,2,0.0,116.0,,20.7,48%,visual,1,virtual reality (HMD),stat - HMD,Lab,1.0,Neurosky Mindwave,NeuroSky,," NA / NA",0.0,1,,0.0,0.0,0.0,,,0.0,0.0,"1 - Lying, sitting, or standing with localised movement, for example, finger tapping or button pressing",1.0,4 - Head-mounted and requires smartphone/tablet,4.0,"⍺, Frequency domain","Profile of Mood State (POMS), Stroop",2,1.0,grey to green spaces,Black Box attention mood derived from power,,,,,0 = Black Box,0,0.0,3 - not replicable,3.0,,https://doi.org/10.3390/ijerph16173102,,Klaus,03.03.,Sonja,
Gao et al.,2025,Building and Environment,Elsevier,"Xinting Gao, Yang Geng, John D. Spengler, Junxiao Long, Ningrui Liu, Zhaoyang Luo, Saleh Kalantari, and Weimin Zhuang
","Evaluating the impact of spatial openness on stress recovery: A virtual reality experiment study with psychological and
physiological measurements",1,0.0,52.0,18-30,,58%,visual,1,virtual reality (monitor),stat,Lab,1.0,Emotiv EPOC+,Emotiv,256,NA/1-30Hz,0.0,14,wet electrodes,1.0,1.0,1.0,1.0,30,0.0,1.0,"0 - Lying, sitting, or standing still",0.0,"3 - Head-mounted EEG system, with additional equipment located in a rucksack or off-body",3.0,"Frequency domain, 𝜃, ⍺, 𝛽, λ","STAI, questionnaires",2,1.0,different openness (window coverage) of CAVE virtual environment,"stress recovery index, 𝜃, ⍺, 𝛽, λ, ⍺/𝛽, 𝜃/𝛽","frontal, occipital, parietal"," ⍺/𝛽 - relaxation, 𝜃/𝛽 - cognitive load, 𝛽 - alertness",,"EDA, Eyetracking, Pupillometry","1 = ICA, 4 = PCA",1,1.0,2 - partially replicable,2.0,1.0,https://doi.org/10.1016/j.buildenv.2024.112434,,Izzy,09.03.,Sonja,
García-Salinas et al.,2025,Brain Sciences,MDPI,"Jesús S. García-Salinas, Anna Wróblewska, and Michal T. Kucewicz",Detection of EEG Activity in Response to the Surrounding Environment: A Neuro-Architecture Study,1,0.0,22.0,,28.7,45%,visual,1,virtual reality (HMD),stat,Lab,1.0,eWave+24,Science Beam,500,NA / 1-48 Hz,0.0,19,wet electrodes,1.0,1.0,1.0,1.0,48,1.0,1.0,"0 - Lying, sitting, or standing still",0.0,"3 - Head-mounted EEG system, with additional equipment located in a rucksack or off-body",3.0,"Frequency domain, δ, 𝜃, ⍺, 𝛽, λ",,2,1.0,biophilic elements in environment,"PSD ",whole brain," supressed ⍺ - attention, sensory processing, 𝜃 - relaxation ",,,1 = ICA,1,1.0,2 - partially replicable,2.0,1.0,https://doi.org/10.3390/brainsci15101103,25.11.2025,Izzy,09.03.,Sonja,
Gerner et al.,2025,Brain Sciences,MDPI,"Nathalie Gerner, David Pickerle, Yvonne Höller, and Arnulf Hartl",Neurophysiological Markers of Design-Induced Cognitive Changes: A Feasibility Study with Consumer-Grade Mobile EEG,1,0.0,20.0,20-66,38,50%,visual,1,real world,stat,Real world,2.0,Emotiv EPOC+,Emotiv,128,"0.16–43Hz, 50Hz, 60Hz/NA",1.0,14,wet electrodes,1.0,1.0,0.0,,,1.0,1.0,"1 - Lying, sitting, or standing with localised movement, for example, finger tapping or button pressing",1.0,4 - Head-mounted and requires smartphone/tablet,4.0,Frequency domain,,2,1.0,Cognitive Tasks and Different Office decoration,proprietary frequency band output (ratios),"frontal, occipital","θ/β - reduced inhibitory attentional control, (β/[α + θ]) - task engagement, ([θ + α]/β) - low vigilance,  (β/α) - arousal, (θ/α) - visuospatial atention",,"ECG, EDA","0 = Black Box, 3 = Manual",0,0.0,1 - replicable,1.0,1.0,https://doi.org/10.3390/brainsci15050432,"21.05.2025
10.06.2025 Klaus: changed protocol from lab to real world, added % gender; changed sample and age range based on the final selected data","Izzy, Klaus",09.03.,Sonja,
Ghouchani,2022,Architectural Science Review,Taylor & Francis,Mahya Ghouchani,Using brain waves to assess the colour effect on promoting spirituality in the mosque architecture,1,1.0,18.0,,27,56%,visual,1,still images (HMD),stat,Lab,1.0,,,,NA/NA,0.0,19,wet electrodes,1.0,1.0,0.0,,,0.0,0.0,"1 - Lying, sitting, or standing with localised movement, for example, finger tapping or button pressing",1.0,0 - All equipment off-body mounted and participant tethered via cabling to EEG acquisition equipment,0.0,"Frequency domain, 𝜃, ⍺, 𝛽",,2,1.0,color vs. b/w images of interior of mosque,"theta/beta ratio, alpha power",whole brain,calmness,,,9 = NA,9,0.0,3 - not replicable,3.0,,https://doi.org/10.1080/00038628.2022.2061907,7.1.2026,Izzy,09.03.,Sonja,
Gong et al.,2025,Front Psychol,Frontiers,"Cong Gong, Xinyu Yang, Changjuan Hu, and Zhenkun Mao","Multidimensional on-site perception study of stairway spaces in mountain city parks among young and older adult people: a case study of Pipa Mountain Park, Chongqing, China",2,1.0,48.0,18-74,20; 68,48%,real world all modalities,6,real world,stat,Real world,2.0,Kingfar Ergolab,Kingfar,,NA / 0.1-30Hz,0.0,,semi-dry,0.0,0.0,1.0,0.1,30,0.0,0.0,"1 - Lying, sitting, or standing with localised movement, for example, finger tapping or button pressing",1.0,4 - Head-mounted and requires smartphone/tablet,4.0,"Frequency domain, ⍺, 𝛽",questionnaires,2,1.0,Young vs. Old at 2 different Staircases,"PSD ⍺, 𝛽, 𝛽/⍺",,,,"ECG, resp, Eyetracking",9 = NA,9,0.0,3 - not replicable,3.0,1.0,https://doi.org/10.3389/fpsyg.2025.1620884,13.11.25,Izzy,10.03.,Sonja,
Grassini et al.,2019,J Environ Psychol,Elsevier,"Simone Grassini, Antti Revonsuo, Serena Castellotti, Irene Petrizzo, Viola Benedetti, and Mika Koivisto",Processing of natural scenery is associated with lower attentional and cognitive load compared with urban ones,2,0.0,32.0,19-35,24.7,22%,visual,1,still images,stat,Lab,1.0,Tesla MRI,Bittium,500,NA / 0.1-? Hz,0.0,64,wet electrodes,1.0,1.0,1.0,1.0,,1.0,1.0,"1 - Lying, sitting, or standing with localised movement, for example, finger tapping or button pressing",1.0,0 - All equipment off-body mounted and participant tethered via cabling to EEG acquisition equipment,0.0,"𝜃, ⍺, 𝛽, λ, Time domain, Frequency domain","questionnaires, Relaxation",1,1.0,urban vs green scenes,"subjective ratings, ERPs, Freq, 𝜃, ⍺, 𝛽, λ",occipital,"ERP - attentional load in nature vs urban, ⍺ - relaxation, λ and 𝜃 - higher arousal",,,1 = ICA,1,1.0,1 - replicable,1.0,,https://doi.org/10.1016/j.jenvp.2019.01.007,,Klaus,10.03.,Sonja,
Grassini et al.,2022,Front Psychol,Frontiers,"Simone Grassini, Giulia Virginia Segurini, and Mika Koivisto",Watching Nature Videos Promotes Physiological Restoration: Evidence From the Modulation of Alpha Waves in Electroencephalography,2,0.0,24.0,19-36,24.8,42%,visual,1,video (monitor),stat,Lab,1.0,Tesla MRI,Bittium,500,NA / 1-? Hz,0.0,64,wet electrodes,1.0,1.0,1.0,1.0,,1.0,1.0,"1 - Lying, sitting, or standing with localised movement, for example, finger tapping or button pressing",1.0,0 - All equipment off-body mounted and participant tethered via cabling to EEG acquisition equipment,0.0,"𝜃, ⍺, 𝛽, λ, Frequency domain",questionnaires,2,1.0,neutral vs urban vs nature videos,"PSD 𝜃, ⍺, 𝛽, λ",occipital,"𝜃 - cognitive control, ⍺ - restoration",,EDA,1 = ICA,1,1.0,1 - replicable,1.0,1.0,https://doi.org/10.3389/fpsyg.2022.871143,,Klaus,10.03.,Sonja,
Grima Murcia et al.,2019,Integrated Computer-Aided Engineering,IOS Press,"M.D. Grima Murcia, M.J. Ortiz, M.A. López-Gordo, J.M. Ferrández, F. Sánchez Ferrer, and E. Fernández",Neural representation of different 3D architectural images: An EEG study,1,0.0,13.0,19-34,24.2,38%,visual,1,still images,stat,Lab,1.0,Neuroscan Synamps,Compumedics Neuroscan,1000,0.5-45 / 0.5-45 Hz,1.0,64,wet electrodes,1.0,1.0,1.0,,,0.0,0.0,"1 - Lying, sitting, or standing with localised movement, for example, finger tapping or button pressing",1.0,0 - All equipment off-body mounted and participant tethered via cabling to EEG acquisition equipment,0.0,"Time domain, sLORETA, Topographic Analysis of Variance",,1,0.0,real images vs. VR images of same bedrooms,source activity associated witht topographic changes,,"early ERP - memory retrieval and sustained attention, later ERP - reasoning, recognition",,,2 = Auomated,2,0.0,2 - partially replicable,2.0,,https://doi.org/10.3233/ICA-180591,,Klaus,10.03.,Sonja,
Guo et al.,2024,Ecological Indicators,Elsevier,"Mengyuan Guo, Jie Zhang, Zhi Yang, Chunnan Fan, Jing Zuo, Tengfei Hui, Aixin Mao, and Jizhong Qi",An empirical study on the response of university students to viewing autumn secondary forest phytocommunities landscape via virtual reality in Northeast China,3,0.0,35.0,,22,51%,visual,1,virtual reality (monitor),stat - HMD,Lab,1.0,,,,0.5-100Hz / NA,0.0,16,,1.0,0.0,0.0,,,0.0,0.0,"1 - Lying, sitting, or standing with localised movement, for example, finger tapping or button pressing",1.0,0 - All equipment off-body mounted and participant tethered via cabling to EEG acquisition equipment,0.0,"Frequency domain, ⍺, 𝛽, δ, 𝜃",questionnaires,2,1.0,images of different forest types,"Freq, 𝜃, ⍺, 𝛽",,"𝜃 - creative thinking, ⍺ - relaxation, 𝛽 - psych and emotional activity",,,9 = NA,9,0.0,3 - not replicable,3.0,1.0,https://doi.org/10.1016/j.ecolind.2023.111450,03.11.2025,Izzy,10.03.,Sonja,
Ha et al.,2025,J Asian Architecture and Building Engineering,Taylor & Francis,"Hyemin Ha, Soohyun Lee, and Gidong Byun",A study on the relationship between women’s fear of crime and CPTED elements using EEG analysis: focused on low-rise residential alleys,2,1.0,35.0,,25.02,0%,visual,1,video (monitor),stat,Lab,1.0,Emotiv EPOC X,Emotiv,256,NA / 1-50Hz,0.0,14,,1.0,1.0,1.0,1.0,50,0.0,1.0,"1 - Lying, sitting, or standing with localised movement, for example, finger tapping or button pressing",1.0,4 - Head-mounted and requires smartphone/tablet,4.0,"Frequency domain, 𝜃, ⍺, 𝛽, λ","questionnaires, Safety Perception",2,1.0,Safety-relevant light and surveillance conditions in  Korean alleyways during day and during night,"PSD 𝜃, ⍺, 𝛽, λ","frontal, temporal","Rα/Rβ - safety perception, Rα/Rγ - fear perception",,,1 = ICA,1,1.0,3 - not replicable,3.0,,https://doi.org/10.1080/13467581.2025.2515510,28.06.2025,Klaus,10.03.,Sonja,
Hägerhäll et al.,2015,Nonlinear Dynamics Psychol Life Sci,Society for Chaos Theory in Psychology & Life Sciences,"C. M. Hägerhäll, T. Laike, M. Küller, E. Marcheschi, C. Boydston, and R. P. Taylor",Human Physiological Benefits of Viewing Nature: EEG Responses to Exact and Statistical Fractal Patterns,2,0.0,35.0,20-66,46.2,49%,visual,1,still images,stat,Lab,1.0,Nervus Digital,Cephalon,,NA / 0.5-30 Hz,0.0,6,wet electrodes,1.0,1.0,1.0,0.5,30,0.0,0.0,"1 - Lying, sitting, or standing with localised movement, for example, finger tapping or button pressing",1.0,0 - All equipment off-body mounted and participant tethered via cabling to EEG acquisition equipment,0.0,"⍺, Frequency domain",,2,1.0,level of fractals,Power in ⍺,"frontal, temporal, parietal",relaxation,,,3 = Manual,3,0.0,3 - not replicable,3.0,,https://pubmed.ncbi.nlm.nih.gov/25575556/,,Klaus,10.03.,Sonja,
Hao et al.,2024,J Environ Psychol,Elsevier,"Shimeng Hao, Lin Zhang, Rui Hou, Sunnie S.Y. Lau, and Stephen Siu Yu Lau",Research on the physiological and psychological impacts of extraordinary nature on emotions and restorative effects for young adults,2,0.0,62.0,20-22,20.8,19%,visual + audiotry,3,virtual reality (HMD),stat - HMD,Lab,1.0,Emotiv EPOC,Emotiv,,NA / NA,0.0,32,,1.0,0.0,0.0,,,0.0,0.0,"1 - Lying, sitting, or standing with localised movement, for example, finger tapping or button pressing",1.0,4 - Head-mounted and requires smartphone/tablet,4.0,"𝜃, ⍺, 𝛽, λ, Frequency domain","Perceived Restorativeness Scale (PRS), questionnaires",2,1.0,extraordinary vs normal nature,"Power in 𝜃, ⍺, 𝛽, λ, Perceived Restorativeness Scale (PRS)",whole brain,relaxation and positive emotions,,"ECG, EDA, Skin Temperature",9 = NA,9,0.0,3 - not replicable,3.0,,https://doi.org/10.1016/j.jenvp.2024.102345,,Klaus,10.03.,Sonja,
Hassan & Deshun,2024,PsyCH Journal,Wiley,"Ahmad Hassan and Zhang Deshun ",How taking pictures of landscapes affects the mental stress of young adults,2,0.0,28.0,,21.03,64%,real world all modalities,6,real world,mobile,Real world,2.0,Neurosky Mindwave,NeuroSky,512,NA / NA,0.0,1,,1.0,1.0,0.0,,,0.0,0.0,2 - Constrained walking/cycling,2.0,4 - Head-mounted and requires smartphone/tablet,4.0,"⍺, 𝛽, Frequency domain",STAI,2,1.0,restoration after taking pictures in urban or green environments,"Power in ⍺, 𝛽",,"⍺ - reduced stress, 𝛽 - better attention",,Blood Pressure,9 = NA,9,0.0,3 - not replicable,3.0,0.0,https://doi.org/10.1002/pchj.773,,Klaus,16.03,Sonja,
Hassan et al.,2018,Evidence-Based Complement Alternat Medicine,Wiley,"Ahmad Hassan, Jiang Tao, Guo Li, Mingyan Jiang, Liu Aii, Jiang Zhihui, Liu Zongfang, and Chen Qibing",Effects of Walking in Bamboo Forest and City Environments on Brainwave Activity in Young Adults,2,0.0,60.0,19-24,19.6,50%,real world all modalities,6,real world,mobile,Real world,2.0,Neurosky Mindwave,NeuroSky,512,NA / NA,0.0,1,,1.0,1.0,0.0,,,0.0,0.0,3 - Unconstrained walking/cyclin,3.0,4 - Head-mounted and requires smartphone/tablet,4.0,Proprietary output,STAI,2,1.0,green vs urban walks,"propriatory meditative state, ⍺, 𝛽",," ⍺ - relaxation and euphoria, 𝛽 - more active and attentive",,Blood Pressure,0 = Black Box,0,0.0,3 - not replicable,3.0,,https://doi.org/10.1155/2018/9653857,,Klaus,16.03.,Sonja,
Herman et al.,2021,Sustainability,MDPI,"Krzysztof Herman, Leon Ciechanowski, and Aleksandra Przegalińska",Emotional Well-Being in Urban Wilderness: Assessing States of Calmness and Alertness in Informal Green Spaces (IGSs) with Muse—Portable EEG Headband,2,0.0,17.0,,,30%,real world all modalities,6,real world,mobile,Real world,2.0,Muse,InteraXon,500,NA / NA,0.0,4,,1.0,1.0,0.0,,,0.0,0.0,"1 - Lying, sitting, or standing with localised movement, for example, finger tapping or button pressing",1.0,4 - Head-mounted and requires smartphone/tablet,4.0,"𝜃, ⍺, 𝛽, λ, Proprietary output",,2,1.0,green space vs. informal green space,"Freq, 𝜃, ⍺, 𝛽, gamma",,"⍺, λ - calmness, 𝛽 - alertness, 𝜃 - meditative state",,,0 = Black Box,0,0.0,2 - partially replicable,2.0,1.0,https://doi.org/10.3390/su13042212,,Klaus,16.03.,Sonja,
Higuera-Trujillo et al.,2020,Building Research & Information,Taylor & Francis,"Juan Luis Higuera-Trujillo, Carmen Llinares Millán, Antoni Montañana i Aviñó, and Juan-Carlos Rojas",Multisensory stress reduction: a neuro-architecture study of paediatric waiting rooms,1,0.0,26.0,,37,54%,visual + auditory + olfactory,5,virtual reality (HMD),stat - HMD,Lab,1.0,B-Alert X10,Advanced Brain Monitoring,256,NA / 0.5-40 Hz,0.0,9,,0.0,0.0,1.0,0.5,40,1.0,1.0,"1 - Lying, sitting, or standing with localised movement, for example, finger tapping or button pressing",1.0,4 - Head-mounted and requires smartphone/tablet,4.0,"𝜃, ⍺, 𝛽, λ, Frequency domain","STAI, questionnaires",2,0.0,Stress levels of waiting rooms,"Freq, high 𝛽, AAPEn",,stress,,"ECG, EDA",1 = ICA,1,1.0,2 - partially replicable,2.0,,https://doi.org/10.1080/09613218.2019.1612228,,Klaus,16.03.,Sonja,
Hilton et al.,2025,J Environ Psychol,Elsevier,"Christopher Hilton, Lilian Befort, Ronja Brinkmann, Matthias Ballestrem, Joerg Fingerhut, and Klaus Gramann",Stairs as multifunctional spaces: Cortical responses to environmental affordances incorporate the intention to act,1,0.0,26.0,,27.84,38%,visual,1,still images,stat,Lab,1.0,,,500/250,0.016Hz–250Hz/1-30Hz,1.0,64,wet electrodes,1.0,1.0,1.0,1.0,30,1.0,1.0,"1 - Lying, sitting, or standing with localised movement, for example, finger tapping or button pressing",1.0,0 - All equipment off-body mounted and participant tethered via cabling to EEG acquisition equipment,0.0,"Time domain, P100, N100, P200, P300",questionnaires,1,0.0,Size of stairs and affordance to read/meet someone,"occipital P1, N1, parietal P2, P3","occipital, parietal",P1 - affordance based processing; P2 - encoding of action possibilities; P3 - attentional resource allocation,,Eyetracking,"1 = ICA, 2 = Auomated",1,1.0,1 - replicable,1.0,2.0,https://doi.org/10.1016/j.jenvp.2025.102528,18.12.2025,Izzy,17.03.,Sonja,
Hollander & Foster,2016,Architectural Science Review,Taylor & Francis,Justin Hollander and Veronica Foster,"Brain responses to architecture and planning: a preliminary neuro-assessment of the pedestrian experience in Boston, Massachusetts",2,0.0,5.0,,,,real world all modalities,6,real world,mobile,Real world,2.0,Neurosky Mindwave,NeuroSky,,NA / NA,0.0,1,,0.0,0.0,0.0,,,0.0,0.0,3 - Unconstrained walking/cyclin,3.0,4 - Head-mounted and requires smartphone/tablet,4.0,Proprietary output,questionnaires,2,1.0,walking two different route sin the city defined by design principles,"propriatory meditative state, alpha, beta",,propriatory attention and meditation,,,0 = Black Box,0,0.0,3 - not replicable,3.0,,https://doi.org/10.1080/00038628.2016.1221499,,Klaus,17.03.,Sonja,
Hopman et al.,2024,Cogn Res Princ Implic,Springer Nature,"Rachel J. Hopman, Sara B. LoTemplio, Emily E. Scott, Ty L. McKinney & David L. Strayer ",Resting-state posterior alpha power changes with prolonged exposure in a natural environment,2,0.0,28.0,,25.48,31%,real world all modalities,6,real world,stat,Real world,2.0,Neuroscan NuAmp,Compumedics Neuroscan,1000,NA / 0.1- ? Hz,0.0,40,wet electrodes,1.0,1.0,1.0,0.1,,1.0,0.0,"0 - Lying, sitting, or standing still",0.0,0 - All equipment off-body mounted and participant tethered via cabling to EEG acquisition equipment,0.0,"Frequency domain, ⍺, 𝜃",questionnaires,2,1.0,resting state after green vs urban environment,"PSD 𝜃, ⍺ posterior and anterior","frontal, parietal, occipital","⍺ - restoration, internally focused attention",,EOG,2 = Auomated,2,0.0,2 - partially replicable,2.0,1.0,https://link.springer.com/article/10.1186/s41235-020-00247-0,,Klaus,17.03.,Sonja,
Hou et al.,2024,Buildings,MDPI,"Keming Hou, Xinyue Liu, Sijie Liu, Chao Liu, Haining Wang, Chuanfeng Yu, Tianli Yu, and Zhi Yang",Research on Optimization Design of Corridor Entry Space of Elderly Facilities Based on Visual–Perceptual and Electroencephalogram Feedback Mechanisms,1,1.0,28.0,69-94,83.56,46%,visual,1,still images,stat,Lab,1.0,Emotiv EPOC+,Emotiv,256,NA / 1-48 Hz,0.0,16,wet electrodes,1.0,1.0,1.0,1.0,48,0.0,0.0,"1 - Lying, sitting, or standing with localised movement, for example, finger tapping or button pressing",1.0,4 - Head-mounted and requires smartphone/tablet,4.0,"𝜃, ⍺, 𝛽, Frequency domain",questionnaires,2,1.0,response to different interior elements in an elferly living home entrance area,"Power in ⍺, 𝛽, 𝜃 and relative power ratios",whole brain,"⍺ - relaxation, 𝜃 - serenity",,,3 = Manual,3,1.0,3 - not replicable,3.0,1.0,https://doi.org/10.3390/buildings14113370,,Klaus,17.03.,Sonja,
Hu & Roberts,2020,Urban Science,MDPI,Ming Hu and Jennifer Roberts,Built Environment Evaluation in Virtual Reality Environments—A Cognitive Neuroscience Approach,2,0.0,8.0,17-23,16.41,62%,visual,1,virtual reality (HMD),mobile,Lab,1.0,Emotiv Insight,Emotiv,128,1-80 Hz / NA,1.0,5,,1.0,0.0,0.0,,,0.0,0.0,"1 - Lying, sitting, or standing with localised movement, for example, finger tapping or button pressing",1.0,4 - Head-mounted and requires smartphone/tablet,4.0,"𝜃, ⍺, 𝛽, λ, Frequency domain",questionnaires,2,1.0,Pre vs post building site,"propriatory Emotiv Pro Freq, 𝜃, ⍺, 𝛽, gamma",,proprietary emotional scores,,,0 = Black Box,0,0.0,3 - not replicable,3.0,,https://doi.org/10.3390/urbansci4040048,,Klaus,17.03.,Sonja,
Hu et al.,2021,Scientific Reports,Springer Nature,"Ming Hu, Madlen Simon, Spencer Fix, Anthony A. Vivino, and Edward Bernat ",Exploring a sustainable building’s impact on occupant mental health and cognitive function in a virtual environment,1,0.0,36.0,17-23,18.41,75%,visual,1,"still images, video (monitor)",stat,Lab,1.0,BrainProducts Actichamp,Brain Products,500,NA / NA,0.0,96,wet electrodes,1.0,1.0,0.0,,,1.0,1.0,"1 - Lying, sitting, or standing with localised movement, for example, finger tapping or button pressing",1.0,0 - All equipment off-body mounted and participant tethered via cabling to EEG acquisition equipment,0.0,"Frequency domain, Time domain, ⍺, 𝜃, δ",,1,1.0,sustainable vs non-sustainable VR environments,"LPP, theta and delta!","frontal, parietal, occipital","𝜃, delta, - increased engagement , lower ⍺ - occipital processing",,,5 = Regression,2,0.0,2 - partially replicable,2.0,,https://doi.org/10.1038/s41598-021-85210-9,,Klaus,17.03.,Sonja,
Hwang et al.,2025,Applied Acoustics,Elsevier,"Sungjoo Hwang, Sungchan Lee, Meesung Lee, Seulbi Lee, and Minji Choi",Assessing human responses to construction noise using EEG and EDA signal features with Consideration of individual sensitivity,2,0.0,20.0,,24,80%,auditory,2,audio recordings,stat,Lab,1.0,Emotiv EPOC+,Emotiv,128,NA/0.5-60Hz,0.0,14,,1.0,0.0,1.0,0.5,60,0.0,1.0,"0 - Lying, sitting, or standing still",0.0,4 - Head-mounted and requires smartphone/tablet,4.0,"Frequency domain, ⍺, 𝛽, δ, 𝜃, λ",questionnaires,2,1.0,different types and sound pressure levels of city construction noise,Various frequency measures and ratios used as input for ML,"temporal, frontal, parietal",,,EDA,1 = ICA,1,1.0,2 - partially replicable,2.0,0.0,https://doi.org/10.1016/j.apacoust.2025.110717,21.05.2025,Izzy,17.03.,Sonja,
Imperatori et al.,2023,Front Psychol,Frontiers,"Claudio Imperatori, Chiara Massullo, Elena De Rossi, Giuseppe Alessio Carbone, Annalisa Theodorou, Massimiliano Scopelliti, Luciano Romano, Claudia Del Gatto, Giorgia Allegrini, Giuseppe Carrus, and Angelo Panno",Exposure to nature is associated with decreased functional connectivity within the distress network: A resting state EEG study,2,0.0,53.0,,21.38,21%,visual,1,still images,stat,Lab,1.0,Micromed EEGraph,Micromed,256,NA / 1-40 Hz,0.0,31,,1.0,1.0,1.0,1.0,40,1.0,1.0,"1 - Lying, sitting, or standing with localised movement, for example, finger tapping or button pressing",1.0,0 - All equipment off-body mounted and participant tethered via cabling to EEG acquisition equipment,0.0,"network activtiy source level, ⍺, 𝛽, 𝜃, δ",PANAS,3,0.0,green vs grey scenes,"network actiity freq, lagged phase synchronization in Loreta",,,,,1 = ICA,1,1.0,1 - replicable,1.0,1.0,,,Klaus,17.03.,Sonja,
Jiang et al.,2020,Indoor and Built Environ,Sage Publishing,"Mingyan Jiang, Ahmad Hassan, Qibing Chen, and Yinggao Liu",Effects of different landscape visual stimuli on psychophysiological responses in Chinese students,"1, 2",0.0,50.0,,22,50%,visual,6,still images,stat,Lab,1.0,Neurosky Mindwave,NeuroSky,,NA/NA,0.0,1,,0.0,0.0,0.0,,,0.0,0.0,"1 - Lying, sitting, or standing with localised movement, for example, finger tapping or button pressing",1.0,4 - Head-mounted and requires smartphone/tablet,4.0,"⍺, 𝛽, Frequency domain, Proprietary output, 𝜃, λ, δ","STAI, questionnaires",2,1.0,greenery in scene,"subjective ratings, alpha, beta power",,"relaxation, attention",,Blood Pressure,0 = Black Box,0,0.0,3 - not replicable,3.0,,https://doi.org/10.1177/1420326X19870578,,Klaus,23.03.,Sonja,
Jin & Yoon,2025,J Korean Institute of Landscape Architecture,Korean Institute of Landscape Architecture,Yeongeun Jin and Heeyeun Yoon,"Do Urban Landscape Amenities Improve the Level of Thermal Comfort - A Human Experiment in Suwon City Using Psychological (TSV) and Physiological (EEG) Indices
",1,0.0,57.0,,27,52%,real world all modalities,6,real world,stat,Real world,2.0,Emotiv EPOC X,Emotiv,,NA/NA,0.0,14,,1.0,0.0,0.0,,,0.0,0.0,"0 - Lying, sitting, or standing still",0.0,4 - Head-mounted and requires smartphone/tablet,4.0,Proprietary output,questionnaires,3,2.0,greenery and shade on a rooftop,(Thermal Comfort) - Emotiv proprietary emotional parameter output,,,,,0 = Black Box,0,0.0,3 - not replicable,3.0,,https://doi.org/10.9715/KILA.2025.53.1.094,20.05.2025,Izzy,23.03.,Sonja,
Jin et al.,2024,Environ Pollution,Elsevier,"Yuenan Jin, Zhaowu Yu, Gaoyuan Yang, Xihan Yao, Mingming Hu, R.P. Remme, P.M. van Bodegom, Joeri Morpurgo, Yunfeng Huang, Jingyi Wang, and Shenghui Cui",Quantifying physiological health efficiency and benefit threshold of greenspace exposure in typical urban landscapes,2,0.0,30.0,17-26,20.2,50%,real world all modalities,6,real world,mobile,Real world,2.0,Emotiv EPOC+,Emotiv,,NA/NA,0.0,14,,0.0,0.0,0.0,,,0.0,0.0,"0 - Lying, sitting, or standing still",0.0,4 - Head-mounted and requires smartphone/tablet,4.0,"Frequency domain, ⍺, 𝛽",,2,1.0,"Urban Park levels of 1) green/blue/gray space 2) openness ","PSD ⍺, 𝛽, 𝛽/⍺",,"⍺ - relaxation , 𝛽 - alertness,",,ECG,1 = ICA,1,1.0,3 - not replicable,3.0,0.0,https://doi.org/10.1016/j.envpol.2024.124726,,"Klaus, Izzy",23.03.,Sonja,
Jing et al.,2026,Applied Acoustics,Elsevier,"Xiaotong Jing, Chao Liu, Jiaxin Li, Weijun Gao, and Hiroatsu Fukuda",Brain activity and restorative effects of birdsong at different sound pressure levels: An electroencephalographic study,3,0.0,30.0,,21,40%,auditory,2,audio recordings,stat,Lab,1.0,Emotiv Epoc Flex,Emotiv,128,NA/0.5–45 Hz,0.0,32,wet electrodes,1.0,1.0,1.0,0.5,45,0.0,1.0,"1 - Lying, sitting, or standing with localised movement, for example, finger tapping or button pressing",1.0,4 - Head-mounted and requires smartphone/tablet,4.0,"Frequency domain, ⍺, Time domain, P300, LPP",Perceived Restorativeness Scale (PRS),"2, 1",1.0,Sound pressure level of bird song,"PSD, P3, LPP","frontal, parietal","⍺ - recovery, P300 - attention vs mental fatigue, LPP - arousal",,,1 = ICA,1,1.0,2 - partially replicable,2.0,1.0,https://doi.org/10.1016/j.apacoust.2025.111155,13.01.2026,Izzy,23.03.,Sonja,
Johansson et al.,2014,Urban Forestry Urban Green,Elsevier,"Maria Johansson, Mats Gyllin, Jesper Witzell, and Marianne Küller",Does biological quality matter? Direct and reflected appraisal of biodiversity in temperate deciduous broad-leaf forest,2,0.0,35.0,20-66,46,49%,visual,1,still images,stat,Lab,1.0,Nervus Digital,Cephalon,256,NA/0.5-30Hz,0.0,7,,1.0,0.0,1.0,0.5,30,0.0,0.0,"0 - Lying, sitting, or standing still",0.0,0 - All equipment off-body mounted and participant tethered via cabling to EEG acquisition equipment,0.0,"Frequency domain, 𝜃, 𝛽, δ, ⍺",questionnaires,"2, 1",1.0,level of biodiversity,PSD,"frontal, temporal, parietal",,,,3 = Manual,3,0.0,3 - not replicable,3.0,,https://doi.org/10.1016/j.ufug.2013.10.009,,Klaus,23.03.,Sonja,
Juan & Chen,2022,Building and Environment,Elsevier,"Yi-Kai Juan, Yi Chen",The influence of indoor environmental factors on learning: An experiment combining physiological and psychological measurements,1,1.0,68.0,,16.5,38%,real world all modalities,6,real world,stat,Real world,2.0,,,512,NA/NA,0.0,,,0.0,0.0,0.0,,,0.0,0.0,"1 - Lying, sitting, or standing with localised movement, for example, finger tapping or button pressing",1.0,,,"Frequency domain, Proprietary output",STAI,"2, 3",0.0,"Light, Temperature, Smell and Sound in Learning Environments","""concentration"" scores (proprietary)",,concentration,,,0 = Black Box,0,0.0,3 - not replicable,3.0,,https://doi.org/10.1016/j.buildenv.2022.109299,7.1.26,Izzy,,,
Jung et al.,2023,J Environ Psychol,Elsevier,"Dawoon Jung, Da In Kim, and Nayeon Kim",Bringing nature into hospital architecture: Machine learning-based EEG analysis of the biophilia effect in virtual reality,1,0.0,63.0,20-39,23.72,27%,visual,,virtual reality (HMD),stat - HMD,Lab,1.0,Emotiv EPOC,Emotiv,256,NA / 4-50 Hz,0.0,14,,1.0,0.0,1.0,4.0,50,0.0,0.0,"1 - Lying, sitting, or standing with localised movement, for example, finger tapping or button pressing",1.0,4 - Head-mounted and requires smartphone/tablet,4.0,"ML on power of  𝜃, ⍺ , 𝛽, λ","PANAS, STAI",2,1.0,biophilia vs no biophilia in hospital rooms,subjective measures and freqs,"frontal, temporal, parietal",relaxation vs arousal,,,"1 = ICA, 6 = ML","1, 6",1.0,3 - not replicable,3.0,,https://doi.org/10.1016/j.jenvp.2023.102033,,Klaus,23.03.,Sonja,
Jung et al.,2026,Brain and Environment,Elsevier,"Uemee Jung, Kyujin Choi, Soyeong Kim, Jongho Lee, & Dongwook Sohn",Assessing realism in virtual architecture: Neural and subjective responses to changes in level of detail,"2, 1",0.0,40.0,20-35,25.95,58%,visual,1,virtual reality (HMD),stat - HMD,Lab,1.0,Emotiv EPOC+,Emotiv,,NA / 0.2-45 Hz,0.0,14,,1.0,0.0,1.0,0.2,45,0.0,0.0,"1 - Lying, sitting, or standing with localised movement, for example, finger tapping or button pressing",1.0,4 - Head-mounted and requires smartphone/tablet,4.0,"Frequency domain, δ, 𝜃, ⍺, 𝛽",questionnaires,2,,different levels of visual complexity of architectural façades,"PSD d, 𝜃, ⍺, 𝛽","frontal, occipital",valence,,,"1 = ICA, 3 = Manual, 9 = NA","1, 3, 9",1.0,3 - not replicable,3.0,1.0,https://doi.org/10.1016/j.braen.2026.100019,24.04.2026,Klaus,,,Full paper
Kacha et al.,2015,J Asian Architecture and Building Engineering,Taylor & Francis,"Lemya Kacha, Naoji Matsumoto, and Ahmed Mansouri",Electrophysiological Evaluation of Perceived Complexity in Streetscapes,2,0.0,6.0,,23.16,50%,visual,1,still images,stat,Lab,1.0,Emotiv EPOC,Emotiv,250,NA / NA,0.0,14,dry electrodes,1.0,0.0,0.0,,,0.0,0.0,"1 - Lying, sitting, or standing with localised movement, for example, finger tapping or button pressing",1.0,4 - Head-mounted and requires smartphone/tablet,4.0,"Frequency domain, ⍺, 𝛽",questionnaires,2,1.0,perceived complexity and fractal dimension,Beta/Alpha Ratio,"frontal, parietal, occipital",relaxation vs arousal,,,9 = NA,9,0.0,3 - not replicable,3.0,,https://doi.org/10.3130/jaabe.14.585,28.06.2025,"Klaus, Izzy",24.03.,Sonja,
Kafaei et al.,2024,Architectural Science Review,Taylor & Francis,"Mohsen Kafaei, Jane Burry, Mehrnoush Latifi, Joseph Ciorciari, and Amirhossein Aminitabar",Investigating the effect of different smells in the indoor built environment (office) on human emotions using a mixed-method approach,1,0.0,14.0,20-50,,55%,visual + olfactory,4,smells,stat,Lab,1.0,Emotiv Epoc Flex,Emotiv,128,NA / 3-45 Hz,0.0,32,wet electrodes,1.0,1.0,1.0,3.0,45,0.0,0.0,"0 - Lying, sitting, or standing still",0.0,4 - Head-mounted and requires smartphone/tablet,4.0,"Frequency domain, 𝜃, ⍺, 𝛽, λ",questionnaires,2,1.0,"Smell in otherwise comparable office rooms, positve vs negative smell","PSD d, 𝜃, ⍺, 𝛽, λ",whole brain,"𝜃,⍺ - calmness, relaxation , λ - anxiety",,"EDA, ECG",1 = ICA,1,1.0,2 - partially replicable,2.0,1.0,https://doi.org/10.1080/00038628.2024.2370435,,Klaus,24.03.,Sonja,
Kakitsuba,2015,Leukos,Taylor & Francis,Naoshi Kakitsuba,Comfortable Indoor Lighting Conditions Evaluated from Psychological and Physiological Responses,1,0.0,5.0,20-22,,100%,visual,1,real world,stat,Lab,1.0,EEG-1100,Nihon Kohden,,,0.0,6,,1.0,0.0,0.0,,,0.0,0.0,"0 - Lying, sitting, or standing still",0.0,0 - All equipment off-body mounted and participant tethered via cabling to EEG acquisition equipment,0.0,"Frequency domain, ⍺, 𝛽",questionnaires,2,1.0,Illuminance Level,"alpha, beta","frontal, occipital",relaxation,,,9 = NA,9,0.0,3 - not replicable,3.0,,https://doi.org/10.1080/15502724.2015.1061945,08.01.2026,Izzy,,,
Kang & Yoon,2025,Building and Environment,Elsevier,Mingu Kang and Heeyeun Yoon,Effect of urban green infrastructure on psychological and physiological responses under outdoor heat exposure: An experimental study,2,0.0,58.0,19-34,25.4,53%,real world all modalities,6,real world,stat,Real world,2.0,Emotiv EPOC X,Emotiv,256,NA/1-30Hz,0.0,14,,1.0,0.0,1.0,1.0,30,0.0,1.0,"0 - Lying, sitting, or standing still",0.0,4 - Head-mounted and requires smartphone/tablet,4.0,"Frequency domain, δ, 𝜃, ⍺, 𝛽",Profile of Mood State (POMS),2,1.0,Living vs. Artificial Plants on a wall vs. a roof (control plain wall),"Relative power d, 𝜃, ⍺, 𝛽",whole brain,"relative δ: drowsiness(-arousal), 𝜃: positive emotional state, ⍺: ""internally oriented brain state"" , 𝛽: wakefulness/arousal",,ECG,1 = ICA,1,1.0,3 - not replicable,3.0,0.0,https://doi.org/10.1016/j.buildenv.2025.113811,18.12.2025,Izzy,24.03.,Sonja,
Karakas et al.,2023,Int J Architectural Research,Emerald Publishing Ltd,"Tülay Karakaş, Burcu Nimet Dumlu, Mehmet Ali Sarıkaya, Dilek Yildiz Ozkan, Yüksel Demir, and Gökhan İnce
",The impact of urban graffiti with facial expressions on human behavioral and emotional experiences in a VR environment,2,0.0,39.0,18-55,22.7,64%,visual,1,virtual reality (HMD),stat - HMD,Lab,1.0,Looxid Link (HTC Vive AddOn),Looxid,500,NA/NA,0.0,6,dry electrodes,1.0,0.0,0.0,,,0.0,0.0,"1 - Lying, sitting, or standing with localised movement, for example, finger tapping or button pressing",1.0,4 - Head-mounted and requires smartphone/tablet,4.0,"Proprietary output, ⍺, 𝛽, δ, 𝜃, λ",SAM,2,1.0,Grafitti of pleasure vs. fear inducing faces,"PSD d, 𝜃, ⍺, 𝛽, λ",,proprietary attentiona and relaxation,,behavior coding,0 = Black Box,0,0.0,3 - not replicable,3.0,,https://doi.org/10.1108/ARCH-03-2023-0087,3.11.25,Izzy,24.03.,Sonja,
Karami et al.,2024,Exp Brain Res,Springer Nature,"Zahra Karami, Seyed‐Abbas Yazdanfar, Maryam Kashefpour, and Reza Khosrowabadi",Brain waves and landscape settings: emotional responses to attractiveness,1,0.0,24.0,22-36,28.5,75%,visual,1,still images,stat,Lab,1.0,,,1024,0.3-200/1-40,1.0,32,,1.0,1.0,1.0,1.0,40,0.0,1.0,"1 - Lying, sitting, or standing with localised movement, for example, finger tapping or button pressing",1.0,,9.0,"Frequency domain, δ, 𝜃, ⍺, 𝛽, λ","SAM, Stroop",2,1.0,Images of 5 different urban environments,"realtive PSD d, 𝜃, ⍺, 𝛽, λ and ratios between them",whole brain,"⍺ - attentional modulation, λ - cognitive reappraisal",,,1 = ICA,1,1.0,2 - partially replicable,2.0,1.0,https://link.springer.com/article/10.1007/s00221-024-06812-z,13.01.2026,Izzy,24.03.,Sonja,
Karandinou & Turner,2018,"Int J Parallel, Emergent and Distributed Systems",Taylor & Francis,Anastasia Karandinou and Louise Turner,Architecture and neuroscience; what can the EEG recording of brain activity reveal about a walk through everyday spaces?,2,0.0,10.0,,,,real world all modalities,6,real world,mobile,Real world,2.0,Emotiv EPOC+,Emotiv,,NA / NA,0.0,14,,0.0,0.0,0.0,,,0.0,0.0,3 - Unconstrained walking/cyclin,3.0,4 - Head-mounted and requires smartphone/tablet,4.0,"𝜃, ⍺, 𝛽, Proprietary output, δ",,2,1.0,different city environments,"propriatory Freq, 𝜃, ⍺, 𝛽, λ",,"𝜃,⍺ - memory cognition, 𝛽 - active decision making",,,0 = Black Box,0,0.0,3 - not replicable,3.0,,https://doi.org/10.1080/17445760.2017.1390089,,Klaus,24.03.,Sonja,
Kerimova et al.,2025,Scientific Reports,Springer Nature,"Nadezhda Kerimova, Pavel Akimov, Ioannis Ntoumanis, Isak B. Blank, Victoria Moiseeva, and Vasily Klucharev",Green urban environments enhance brain-to-brain synchrony,"3, 2",0.0,30.0,19-47,28.5,33%,visual + auditory,3,video (monitor),stat,Lab,1.0,BrainProducts Actichamp,Brain Products,512,"NA/>0.5Hz, 50Hz",0.0,64,,1.0,1.0,1.0,0.5,,0.0,1.0,"0 - Lying, sitting, or standing still",0.0,0 - All equipment off-body mounted and participant tethered via cabling to EEG acquisition equipment,,"Frequency domain, δ, 𝜃, ⍺, 𝛽, Time domain",questionnaires,"2, 1",1.0,Video of Walks in urban vs. urban nature environments,Inter Subject Correlation/ Brain to Brain Synchrony,whole brain,less distraction/neurocognitive effort (= more similar neural responses),,,3 = Manual,3,0.0,2 - partially replicable,2.0,2.0,https://doi.org/10.1038/s41598-025-27429-4,16.12.25,Izzy,02.04.,Sonja,
Kim,2025,Scientific Reports,Springer Nature,Sieun Kim,Cognitive efficiency in VR simulated natural indoor environments examined through EEG and affective responses,"1, 3",0.0,36.0,19-29,,64%,visual,1,virtual reality (HMD),stat - HMD,Lab,1.0,Emotiv EPOC X,Emotiv,256,50Hz & proprietary?/1-45Hz,,14,,1.0,1.0,1.0,1.0,45,1.0,1.0,"1 - Lying, sitting, or standing with localised movement, for example, finger tapping or button pressing",1.0,4 - Head-mounted and requires smartphone/tablet,4.0,"𝜃, ⍺, 𝛽, Frequency domain",questionnaires,2,1.0,Interior Design: Curvilinear Forms vs. Nature View vs. Wooden interior,"PSD Ratios: ⍺/𝜃, 𝜃/𝛽, ⍺𝛽","frontal, occipital","⍺/𝜃 - internal attention, relaxation, 𝜃/𝛽 - reduced cognitive distraction, ⍺/𝛽 - relaxation, visual comfort",,Performance,1 = ICA,1,1.0,1 - replicable,1.0,1.0,https://doi.org/10.1038/s41598-025-18629-z,5.11.25,Izzy,02.04.,Sonja,
Kim et al.,2021,Int J Environ Res Pub Health,MDPI,"Sanghee Kim, Hyejin Park, and Seungyeon Choo",Effects of Changes to Architectural Elements on Human Relaxation-Arousal Responses: Based on VR and EEG,1,1.0,31.0,30-50,,0%,visual,1,virtual reality (HMD),stat - HMD,Lab,1.0,Wearable Sensing DSI-24,Wearable Sensing,300,0.003-150 Hz / NA,1.0,19,,1.0,1.0,0.0,,,0.0,0.0,"1 - Lying, sitting, or standing with localised movement, for example, finger tapping or button pressing",1.0,4 - Head-mounted and requires smartphone/tablet,4.0,"Frequency domain, ⍺, 𝛽",questionnaires,2,1.0,"architectural space with ratio of groud floor, ceiling, and window sizes",Ratio ⍺/𝛽,"frontal, parietal, occipital",⍺/𝛽 - relaxation vs arousal,,Eyetracking,9 = NA,,0.0,3 - not replicable,3.0,,https://doi.org/10.3390/ijerph18084305,29.08.2025,Klaus,02.04.,Sonja,
Kim et al.,2020,Building and Environment,Elsevier,"Yongmin Kim, Jieun Han, and Chungyoon Chun",Evaluation of comfort in subway stations via electroencephalography measurements in field experiments,1,0.0,13.0,20-30,,,real world all modalities,6,real world,stat,Real world,2.0,B-Alert X10,Advanced Brain Monitoring,,NA/NA,0.0,9,,1.0,1.0,0.0,,,0.0,0.0,"0 - Lying, sitting, or standing still",0.0,4 - Head-mounted and requires smartphone/tablet,4.0,"Frequency domain, δ, 𝜃, ⍺, 𝛽, λ",,2,1.0,two different subway stations,"Freq,d, 𝜃, ⍺, 𝛽, λ","frontal, parietal","𝜃,⍺ - relaxation, 𝛽, λ - stress, ",,,"9 = NA, 3 = Manual",9,0.0,3 - not replicable,3.0,,https://doi.org/10.1016/j.buildenv.2020.107130,27.10.25,Izzy,02.04.,Sonja,
Kim et al.,2024,Buildings,MDPI,"Sanghee Kim, Jihye Ryu, Yujeong Lee, Hyejin Park, and Kweonhyoung Lee",Methods for Selecting Design Alternatives through Integrated Analysis of Energy Performance of Buildings and the Physiological Responses of Occupants,1,1.0,31.0,,,0%,visual,1,virtual reality (HMD),stat - HMD,Lab,1.0,Wearable Sensing DSI-24,Wearable Sensing,300,0.003-150 Hz / NA,1.0,19,,1.0,1.0,0.0,,,0.0,0.0,"1 - Lying, sitting, or standing with localised movement, for example, finger tapping or button pressing",1.0,4 - Head-mounted and requires smartphone/tablet,4.0,"Frequency domain, ⍺, 𝛽",questionnaires,2,1.0,"Aspect Ratio of space, ceiling height and ratio of windows to walls",Ratio ⍺/𝛽,"frontal, parietal, occipital",arousal,,,4 = PCA,4,0.0,3 - not replicable,3.0,0.0,https://doi.org/10.3390/buildings14010237,26.11.25,"Klaus, Izzy",02.04.,Sonja,
Kim et al.,2019,Sustainability,MDPI,"Mintai Kim, SangHyun Cheon, and Youngeun Kang",Use of Electroencephalography (EEG) for the Analysis of Emotional Perception and Fear to Nightscapes,2,0.0,60.0,20-40,,53%,visual,1,still images,stat,Lab,1.0,Emotiv EPOC,Emotiv,,,0.0,14,semi-dry,1.0,0.0,0.0,,,0.0,0.0,"1 - Lying, sitting, or standing with localised movement, for example, finger tapping or button pressing",1.0,4 - Head-mounted and requires smartphone/tablet,4.0,"Frequency domain, ⍺, 𝛽",questionnaires,2,1.0,"nightscapes ","⍺, 𝛽","frontal, occipital, parietal","⍺ - relaxation, 𝛽 - increase in cognitive function, attention",,,9 = NA,9,0.0,3 - not replicable,3.0,,http://dx.doi.org/10.3390/su11010233,13.1.26,Izzy,02.04.,Sonja,
Kim et al.,2024,Computers in Biology and Medicine,Elsevier,"June Sic Kim, Haram Lee, Yunjin Lee, Jin Yong Jeon, and Donghyun Ahn",Assessing restorative effects of soundscapes in VR through EEG and HRV,2,0.0,60.0,21-30,24.3,50%,visual + auditory,3,virtual reality (HMD),stat,Lab,1.0,Emotiv Epoc Flex,Emotiv,128,0.2-45/NA,1.0,32,,1.0,0.0,0.0,,,0.0,0.0,,,4 - Head-mounted and requires smartphone/tablet,4.0,"Frequency domain, ⍺","Perceived Restorativeness Soundscape Scale (PRSS), questionnaires",2,1.0,"Types of soundscape environment - urban, waterfront, green","⍺1, functional connectivity via imaginary coherence analysis at source level",whole brain,,,ECG,1 = ICA,1,1.0,,,,https://doi.org/10.1016/j.compbiomed.2024.109253,,Izzy,02.04.,Sonja,
Kim et al.,2024,Horticultural Science,American Society for Horticultural Science,"Seo-Hyun Kim, Choong Hwan Lee, and Sin-Ae Park",Brain Wave Changes in the Prefrontal Cortex When Exposed to Varying Plant Types as Visual Stimuli,2,0.0,30.0,20-60,29.9,50%,visual,1,"still images, real world",stat,Lab,1.0,Cognionics Quick-20,Cognionics,1000,0.5-100 / NA,0.0,2,dry electrodes,1.0,1.0,1.0,,,0.0,0.0,"1 - Lying, sitting, or standing with localised movement, for example, finger tapping or button pressing",1.0,"3 - Head-mounted EEG system, with additional equipment located in a rucksack or off-body",3.0,"Frequency domain, ⍺",questionnaires,2,1.0,alpha and relative alpha during watching real or virtual plants,PSD ⍺,,emotional stability,,,3 = Manual,3,0.0,3 - not replicable,3.0,1.0,https://doi.org/10.21273/HORTSCI17962-24,,Klaus,02.04.,Sonja,
Kim et al.,2025,The Journal of Academic Librarianship,Elsevier,"Sieun Kim, Jae Hwa Lee, and Soyeon Lee",Visual stimulation in virtual library environments for creative thinking: An integrated neurocognitive and psychological analysis,1,0.0,44.0,19-30,22.83,33%,visual,1,virtual reality (HMD),stat,Lab,1.0,Emotiv Epoc Flex,Emotiv,128,"NA-50Hz / 1-50Hz ",0.0,32,wet electrodes,1.0,1.0,1.0,1.0,50,0.0,0.0,"1 - Lying, sitting, or standing with localised movement, for example, finger tapping or button pressing",1.0,4 - Head-mounted and requires smartphone/tablet,4.0,"Frequency domain, 𝜃, ⍺, 𝛽, λ","Divergent/Convergent Thinking, Perceived Restorativeness Scale (PRS), questionnaires",2,1.0,Divergent and convergent thinking in different library spaces (different levels of clutter),"PSD 𝜃, ⍺, 𝛽, λ",whole brain,attention and cognitive flexibility,,,"1 = ICA, 2 = Auomated",1,1.0,2 - partially replicable,2.0,1.0,DOI link was incorrect on 15-7-2025 https://doi.org/10.1016/j.acalib.2025.103112,,,02.04.,Sonja,
Kobayashi et al.,2025,Sensors,MDPI,"Takato Kobayashi, Narumon Jadram, Shukuka Ninomiya, Kazuhiro Suzuki, and Midori Sugaya",A Pilot Study on Emotional Equivalence Between VR and Real Spaces Using EEG and Heart Rate Variability,1,0.0,42.0,,,69%,visual,1,"real world, virtual reality (HMD)",stat,Lab vs. Real world,3.0,Ganglion Board,Open BCI,200,"NA / <4Hz, 1-45Hz, 47Hz, 50Hz",0.0,4,,0.0,0.0,1.0,1.0,45,0.0,1.0,"1 - Lying, sitting, or standing with localised movement, for example, finger tapping or button pressing",0.0,0 - All equipment off-body mounted and participant tethered via cabling to EEG acquisition equipment,0.0,"Frequency domain, ⍺, 𝛽, 𝜃, λ",questionnaires,2,1.0,VR environment vs Real environment,"β/α, 𝜃, λ",,"β/α - arousal, λ - perceptual load",,,1 = ICA,1,1.0,3 - not replicable,3.0,1.0,https://doi.org/10.3390/s25134097,5.11.25,Izzy,02.04.,Sonja,
Koivisto et al.,2022,Environment and Behavior,Sage Publishing,"Mika Koivisto, Enni Jalava, Lina Kuusisto, Henry Railo, Simone Grassini",Top-Down Processing and Nature Connectedness Predict Psychological and Physiological Effects of Nature,"2, 3",0.0,33.0,,24.1,18%,auditory,2,audio recordings,stat,Lab,1.0,Tesla MRI,Bittium,500,,0.0,21,wet electrodes,1.0,1.0,1.0,1.0,50,1.0,1.0,"0 - Lying, sitting, or standing still",0.0,0 - All equipment off-body mounted and participant tethered via cabling to EEG acquisition equipment,0.0,"Frequency domain, 𝜃, ⍺",questionnaires,2,1.0,framing of pink noise as either natural origin or from factory,"α, 𝜃",central,alpha: relaxation,,"EDA, EOG",1 = ICA,1,1.0,1 - replicable,1.0,2.0,https://journals.sagepub.com/doi/full/10.1177/00139165221107535,21.4.26,Izzy,,,Full paper
Korte et al.,2025,eNeuro,Society for Neuroscience,"Silvia Korte, Thorge Haupt, and Martin G. Bleichner",EEG Signatures of Auditory Distraction: Neural Responses to Spectral Novelty in Real-World Soundscapes,2,0.0,23.0,21-37,25.57,43%,auditory,2,audio recordings,stat,Lab,1.0,MBrainTrain Smarting,MBrainTrain,250,NA/0.5-20,0.0,24,wet electrodes,1.0,1.0,1.0,0.5,20,1.0,1.0,"1 - Lying, sitting, or standing with localised movement, for example, finger tapping or button pressing",1.0,4 - Head-mounted and requires smartphone/tablet,4.0,"Time domain, P300",questionnaires,1,0.0,Auditory Events in Urban Soundscape during Task performance,P3a,frontal,involuntary attention,,,1 = ICA,1,1.0,1 - replicable,1.0,2.0,https://doi.org/10.1523/ENEURO.0154-25.2025,27.10.25,Izzy,06.04.,Sonja,
Kotradyova et al.,2019,Int J Environ Res Pub Health,MDPI,"Veronika Kotradyova, Erik Vavrinsky, Barbora Kalinakova, Dominik Petro, Katarina Jansakova, Martin Boles, Helena Svobodova",Wood and Its Impact on Humans and Environment Quality in Health Care Facilities,1,1.0,4.0,,,,real world all modalities,6,real world,stat,Real world,2.0,Emotiv EPOC,Emotiv,128,"0.2-43Hz, 50/60Hz",1.0,14,semi-dry,1.0,1.0,0.0,,,0.0,0.0,"0 - Lying, sitting, or standing still",0.0,4 - Head-mounted and requires smartphone/tablet,4.0,"Frequency domain, ⍺, 𝛽",,2,1.0,Normal vs. wooden furniture in waiting room,"alpha, beta","frontal, temporal, parietal, occipital","planning, motivation, problem solving, organization (alpha); relaxed attention (mu); ",,"ECG, Cortisol, resp, Blood Pressure",9 = NA,9,0.0,3 - not replicable,3.0,,http://dx.doi.org/10.3390/ijerph16183496,8.1.26,Izzy,,,
Lei et al.,2021,J Cleaner Production,Elsevier,"Qinghua Lei, Chao Yuan, Stephen Siu Yu Lau",A quantitative study for indoor workplace biophilic design to improve health and productivity performance,1,0.0,15.0,,,43%,visual,1,"real world, virtual reality (HMD)",stat,Lab,1.0,BitBrain,Bitbrain,256,,0.0,16,wet electrodes,1.0,1.0,0.0,,,0.0,0.0,"0 - Lying, sitting, or standing still",0.0,4 - Head-mounted and requires smartphone/tablet,4.0,"Frequency domain, ⍺",Perceived Restorativeness Scale (PRS),2,1.0,Greenery in Rooms and VR,alpha power,,relaxation,,"EDA, Eyetracking, Performance, ECG",9 = NA,9,0.0,3 - not replicable,3.0,,https://doi.org/10.1016/j.jclepro.2021.129168,7.1.26,Izzy,,,
Li & Yan,2026,Front Psychol,Frontiers,"Yifei Li, Xinyu Yan ",Research on the emotional generation mechanism and optimization pathways of traditional village landscapes in northeastern Hubei based on EEG measurements,2,0.0,50.0,22-66,44.5,46%,visual,1,still images (HMD),stat,Lab,1.0,EEG:TGAM,NeuroSky,512,,0.0,1,,0.0,0.0,1.0,1.0,45,0.0,0.0,,9.0,,9.0,Frequency domain,,2,1.0,different aspects of historical villages,"alpha/beta ratio, FAA, other indeces",,"Arousal, Valence",,,1 = ICA,1,1.0,3 - not replicable,3.0,1.0,https://doi.org/10.3389/fpsyg.2026.1755492,27.02.2026,Izzy,,,
Li et al.,2024,Building and Environment,Elsevier,"Zhongzhe Li, Meihui Ba, and Jian Kang",Measuring soundscape quality of urban environments using physiological indicators: Construction of physiological assessment dimensions and comparison with subjective dimensions,2,0.0,62.0,16-40,23.29,53%,visual + auditory,2,video (monitor),stat,Lab,1.0,BIOPAC MP160,BIOPAC,,NA / NA,0.0,9,,1.0,0.0,0.0,,,0.0,0.0,"0 - Lying, sitting, or standing still",0.0,0 - All equipment off-body mounted and participant tethered via cabling to EEG acquisition equipment,0.0,"Frequency domain, ⍺, 𝛽",questionnaires,2,1.0,urban soudscapes,"proprietory AcqKnowledge software (⍺, 𝛽; percentage change from baseline)",,,,"ECG, EDA, Skin Temperature, resp",0 = Black Box,0,0.0,3 - not replicable,3.0,1.0,https://doi.org/10.1016/j.buildenv.2024.111549,15.05.2025,Izzy,06.04.,Sonja,
Li et al.,2025,Buildings,MDPI,"Yanling Li, Xiaocong Li, and Ming Gao",Soundscapes and Emotional Experiences in World Heritage Temples: Implications for Religious Architectural Design,2,0.0,193.0,<18 - >60,,50%,real world all modalities,7,real world,stat,Real world,2.0,Emotiv EPOC+,Emotiv,,NA / 0.5-40 Hz,0.0,14,semi-dry,1.0,1.0,1.0,0.5,40,0.0,0.0,"1 - Lying, sitting, or standing with localised movement, for example, finger tapping or button pressing",1.0,4 - Head-mounted and requires smartphone/tablet,4.0,Proprietary output,questionnaires,9,0.0,different soundscapes at 2 buddhist temples,"questionnaires, propriatary EEG output",,proprietary emotiv,,,0 = Black Box,0,0.0,3 - not replicable,3.0,1.0,https://doi.org/10.3390/buildings15152681,12.09.2025,Klaus,07.04.,Sonja,
Li et al.,2025,Building and Environment,Elsevier,"Jiaqi Li, Xiaoyan Ma, Chengsheng Wang, Xinyu Li, Zijing Peng, and Bo Hong",Multisensory interactions in urban parks: Auditory-olfactory effects on psycho-physiological responses of hypertensive elderly adults,2,1.0,72.0,>60,,,auditory + olfactory,7,"smells, audio recordings",stat,Real world,2.0,Emotiv EPOC X,Emotiv,128,NA / NA,0.0,14,wet electrodes,1.0,1.0,0.0,,,0.0,0.0,"0 - Lying, sitting, or standing still",0.0,4 - Head-mounted and requires smartphone/tablet,4.0,"Frequency domain, ⍺, 𝛽, δ, 𝜃",questionnaires,2,1.0,different soundscapes and essential oil smells,EEG freq,frontal,"⍺ - relaxation,  𝜃 - pleasure, 𝛽 - arousal, attention, δ - lower sleepiness",,"Blood Pressure, ECG",9 = NA,9,0.0,3 - not replicable,3.0,1.0,https://doi.org/10.1016/j.buildenv.2025.113413,27.10.2025,Izzy,07.04.,Sonja,
Li et al.,2025,Biomimetics,MDPI,"Xuejiao Li, Ruili Wang, and Mincheol Whang",Designing Light for Emotion: A Neurophysiological Approach to Modeling Affective Responses to the Interplay of Color and Illuminance,1,0.0,33.0,18-36,22.5,36%,visual,1,real world,stat,Lab,1.0,SAGA,TMSi,,NA / 0.5-45 Hz,0.0,64,,0.0,0.0,1.0,0.5,45,0.0,1.0,"0 - Lying, sitting, or standing still",0.0,0 - All equipment off-body mounted and participant tethered via cabling to EEG acquisition equipment,0.0,"Frequency domain, ⍺, 𝜃, 𝛽, λ",questionnaires,2,1.0,"lighting conditions (color, brightness)","FAA, 𝜃/𝛽 ratio, FMT (𝜃)",whole brain,emotional regulation,,ECG,1 = ICA,1,1.0,3 - not replicable,3.0,1.0,https://doi.org/10.3390/biomimetics10100696,24.11.2025,Izzy,07.04.,Sonja,
Li et al.,2026,Urban Forestry Urban Green,Elsevier,"Qiyan Li, Zhiqiang Feng, Jamie Pearce, & Catharine Ward Thompson",Psychological well-being benefits of urban greenness: A mixed methods approach using psycho-physiological indicators and interviews,2,0.0,94.0,18-37,23.6,34%,visual + auditory,1,still images,stat,Lab,1.0,Emotiv Epoc Flex,Emotiv,128,NA / 0.1-50 Hz,0.0,,,0.0,0.0,0.0,0.1,50,0.0,0.0,"1 - Lying, sitting, or standing with localised movement, for example, finger tapping or button pressing",1.0,4 - Head-mounted and requires smartphone/tablet,4.0,"Frequency domain, ⍺, 𝛽",questionnaires,2,1.0,"different levels of green in images ","EEG freq ⍺, 𝛽",,restoration,,EDA,"1 = ICA, 3 = Manual",1,1.0,3 - not replicable,3.0,0.0,https://doi.org/10.1016/j.ufug.2026.129307,13.02.2026,Klaus,,,
Li et al.,2026,Buildings,MDPI,"Jiaxin Li, Genzheng Guan, Chao Liu, Xiaotong Jing, Weijun Gao, & Hiroatsu Fukuda",The Effect of Window Presence and Size on Human Recovery: An EEG Microstate Study,1,0.0,36.0,18-30,22.6,50%,visual,1,virtual reality (HMD),stat - HMD,Lab,1.0,Emotiv Epoc Flex,Emotiv,128,0.16 - 13 Hz,,32,,1.0,0.0,0.0,,,0.0,0.0,"1 - Lying, sitting, or standing with localised movement, for example, finger tapping or button pressing",1.0,4 - Head-mounted and requires smartphone/tablet,4.0,"Frequency domain, 𝜃, ⍺","questionnaires, Perceived Restorativeness Scale (PRS), STAI, Flanker Task",2,1.0,"Ratio of wall window relation (0%, 25%, 50%, 75%) in a virtual office room","EEG freq, microstate, and several frequency rations, including frontal alpha asymmetry","frontal, parietal, whole brain",restoration,,,9 = NA,9,0.0,3 - not replicable,3.0,1.0,https://doi.org/10.3390/buildings16051092,20.03.2026,Klaus,,,
Li et al.,2026,Cognitive Neurodynamics,Springer Nature,"Zao Li, Xinke Li, Mingyuan Fang, Xia Sun, Wencong Zhang",Research on the perception of Huizhou traditional street nightscapes: a lab experiment using EEG,2,0.0,16.0,18-40,,50%,visual,1,still images,stat,Lab,1.0,g.USBamp,g.tec,,NA / NA,0.0,10,,1.0,0.0,1.0,0.1,45,0.0,0.0,"1 - Lying, sitting, or standing with localised movement, for example, finger tapping or button pressing",1.0,1 - Waist-mounted (or back-mounted) with additional equipment located in a rucksack,1.0,Frequency domain,questionnaires,2,1.0,Images of traditional stress in China during daytime vs nighttime,alpha power and semantic differential on several adjective pairs,whole brain,higher alpha more relaxation,,,1 = ICA,1,1.0,3 - not replicable,3.0,,https://doi.org/10.1007/s11571-026-10435-1,27.03.2026,Klaus,,,
Li et al.,2026,Horticulturae,MDPI,"Hao Li, Xinyu Du, Qibing Chen, Chenmingyang Jiang, Bingyang Lv, Cong Ma, & Bowen Shu","Affective Restoration in Bamboo Green Spaces: A Controlled Photo-Based Experiment Linking Place Structure, Visual Attention, and Electroencephalography (EEG) Responses",3,0.0,65.0,,,,visual,1,still images,stat,Lab,1.0,MB8600 BoYing BI,BoYing BI,,,0.0,16,,0.0,0.0,0.0,,,0.0,0.0,"1 - Lying, sitting, or standing with localised movement, for example, finger tapping or button pressing",1.0,,,"Frequency domain, ⍺, 𝛽","questionnaires, Relaxation",2,1.0,Type and arrangement of bamboo trees,"EEG freq ⍺, 𝛽","frontal, occipital",relaxation,,Eyetracking,9 = NA,9,0.0,3 - not replicable,3.0,1.0,https://doi.org/10.3390/horticulturae12030284,03.04.2026,Klaus,,,Full paper
Li et al.,2025,Buildings,MDPI,"Junjie Li, Ziyi Liu, Xuewen Zhang, Yujie Chen, and Shuai Lu ",The Impact of Earth-Based Building in Residential Environments on Human Emotional Relief Using EEG + VR + LEC Method,1,0.0,90.0,,22.5,50%,visual + olfactory,3,"virtual reality (HMD), smells",stat,Lab,1.0,,,,NA / NA,0.0,32,,0.0,0.0,0.0,,,0.0,0.0,"1 - Lying, sitting, or standing with localised movement, for example, finger tapping or button pressing",1.0,4 - Head-mounted and requires smartphone/tablet,4.0,"Frequency domain, ⍺, 𝛽, 𝜃",questionnaires,2,1.0,building material and temperature,EEG freq,,"⍺ - relaxation, 𝛽 - concentration ",,"Blood Oxygenation, ECG",9 = NA,9,0.0,3 - not replicable,3.0,1.0,https://doi.org/10.3390/buildings15183280,28.10.25,Izzy,07.04.,Sonja,
Li et al.,2020,Energy and Buildings,Elsevier,"Junjie Li, Yichun Jin, Shuai Lu, Wei Wu, and Pengfei Wang",Building environment information and human perceptual feedback collected through a combined virtual reality (VR) and electroencephalogram (EEG) method,1,0.0,30.0,18-25,,50%,visual,1,virtual reality (HMD),stat - HMD,Lab,1.0,,,,NA / NA,0.0,32,,1.0,0.0,0.0,,,0.0,0.0,"1 - Lying, sitting, or standing with localised movement, for example, finger tapping or button pressing",1.0,4 - Head-mounted and requires smartphone/tablet,4.0,"⍺, 𝛽, Frequency domain","Stroop, questionnaires",2,1.0,open natural vs close basement space,"subjective and cognitive performance, EEG freqs",,correlation with work efficiency,,Performance,9 = NA,0,0.0,3 - not replicable,3.0,,https://doi.org/10.1016/j.enbuild.2020.110259,,Klaus,06.04.,Sonja,
Li et al.,2021,Building and Environment,Elsevier,"Junjie Li, Wei Wu, Yichun Jin, Ruyue Zhao, and Wenyan Bian",Research on environmental comfort and cognitive performance based on EEG + VR + LEC evaluation method in underground space,1,0.0,30.0,20-30,23.5,50%,visual + auditory,2,virtual reality (HMD),stat - HMD,Lab,1.0,Emotiv EPOC,Emotiv,,"50 Hz Notch, 0.1-45 Hz",0.0,12,,0.0,0.0,1.0,0.1,45,0.0,0.0,"1 - Lying, sitting, or standing with localised movement, for example, finger tapping or button pressing",1.0,4 - Head-mounted and requires smartphone/tablet,4.0,"⍺, 𝛽, Frequency domain, Time domain","Stroop, questionnaires",2,1.0,different designs of underground work space,cognitive performance,,correlation with performance,,"Blood Oxygenation, Performance",1 = ICA,1,1.0,2 - partially replicable,2.0,,https://doi.org/10.1016/j.buildenv.2021.107886,,Klaus,06.04.,Sonja,
Li et al.,2021,Int J Environ Res Pub Health,MDPI,"Hongqidi Li, Wenyi Dong, Zhimeng Wang, Nuo Chen, Jianping Wu, Guangxin Wang, and Ting Jiang",Effect of a Virtual Reality-Based Restorative Environment on the Emotional and Cognitive Recovery of Individuals with Mild-to-Moderate Anxiety and Depression,2,1.0,189.0,,20.26,40%,visual,1,virtual reality (HMD),stat - HMD,Lab,1.0,BIOPAC EEG100C,BIOPAC,,"1-500 Hz / 50 Notch, 1-40 Hz",0.0,3,,0.0,0.0,1.0,1.0,40,0.0,0.0,"1 - Lying, sitting, or standing with localised movement, for example, finger tapping or button pressing",1.0,0 - All equipment off-body mounted and participant tethered via cabling to EEG acquisition equipment,0.0,"⍺, 𝛽, Frequency domain, 𝜃","STAI, PANAS, questionnaires",2,1.0,Restorativeness of VR environments,"restoration, EEG freq, EMG freq, subjective",,"prefrontal alertness, engagement vs calmness",,EMG,2 = Auomated,2,0.0,2 - partially replicable,2.0,0.0,https://doi.org/10.3390/ijerph18179053,,Klaus,06.04.,Sonja,
Li et al.,2021,Urban Forestry Urban Green,Elsevier,"Heng Li, Hui Xie, and George Woodward","Soundscape components, perceptions, and EEG reactions in typical urban parks",2,0.0,12.0,,22,50%,real world all modalities,6,real world,mobile,Real world,2.0,B-Alert X10,Advanced Brain Monitoring,256,NA / NA,0.0,9,,1.0,0.0,0.0,,,0.0,0.0,"1 - Lying, sitting, or standing with localised movement, for example, finger tapping or button pressing",1.0,4 - Head-mounted and requires smartphone/tablet,4.0,"⍺, 𝛽, Frequency domain",questionnaires,2,1.0,Sound vs sound and vision,proprietory AcqKnowledge software,"frontal, parietal",restoration vs stress,,,0 = Black Box,0,0.0,3 - not replicable,3.0,,https://doi.org/10.1016/j.ufug.2021.127269,,Klaus,06.04.,Sonja,
Li et al.,2023,Forests,MDPI,"Yuanbi Li, Jinguang Zhang, Bijun Jiang, Hongyi Li, andBing Zhao
","Do All Types of Restorative Environments in the Urban Park Provide the Same Level of Benefits for Young Adults? A Field Experiment in Nanjing, China",2,0.0,39.0,18-28,24.5,49%,real world all modalities,6,real world,mobile,Real world,2.0,Kingfar Ergolab,Kingfar,256,"50 Hz notch, 0.5-100 Hz",1.0,8,dry electrodes,1.0,1.0,0.0,,,0.0,0.0,2 - Constrained walking/cycling,2.0,4 - Head-mounted and requires smartphone/tablet,4.0,"⍺, 𝛽, Frequency domain",PANAS,2,1.0,greenery,restauration,"frontal, occipital, parietal",relaxation vs stress,,ECG,0 = Black Box,0,0.0,3 - not replicable,3.0,1.0,https://doi.org/10.3390/f14071400,,Klaus,06.04.,Sonja,
Li et al.,2025,Cities,Elsevier,"Fu Li, Zijiao Zhang, Liyan Xu, and Jie Yin",The effects of professional design training on urban public space perception: A virtual reality study with physiological and psychological measurements,2,0.0,96.0,20-35,,49%,visual,1,"video immersive (HMD), still images",stat - HMD,Lab,1.0,Emotiv EPOC+,Emotiv,,NA / NA,0.0,14,,0.0,0.0,0.0,,,0.0,0.0,"1 - Lying, sitting, or standing with localised movement, for example, finger tapping or button pressing",1.0,4 - Head-mounted and requires smartphone/tablet,4.0,Proprietary output,PANAS,3,0.0,expertise level urban planners vs. laymen in evaluating urban public spaces,Emotive blackbox parameters,,,,"ECG, EDA",0 = Black Box,0,0.0,3 - not replicable,3.0,1.0,https://doi.org/10.1016/j.cities.2024.105654,,Klaus,06.04.,Sonja,
Li et al.,2024,Applied Acoustics,Elsevier,"Jian Li, Massimiliano Masullo, Luigi Maffei, Aniello Pascale, Chi-kwan Chau, Minqi Lin",Improving informational-attentional masking of water sound on traffic noise by spatial variation settings: An in situ study with brain activity measurements,"2, 3",0.0,12.0,,23.8,42%,auditory,2,real world,stat,Real world,2.0,Wearable Sensing DSI-24,Wearable Sensing,,,0.0,,,0.0,1.0,1.0,1.0,45,0.0,1.0,"0 - Lying, sitting, or standing still",1.0,0 - All equipment off-body mounted and participant tethered via cabling to EEG acquisition equipment,0.0,"Frequency domain, δ, 𝜃, ⍺, 𝛽, λ",PANAS,2,,spatial variation setting of water sounds,"PSD delta, theta, alpha, beta, gamma, aperiodic component, spectral connectivity","frontal, temporal, parietal, occipital",restoration,,,1 = ICA,1,1.0,3 - not replicable,3.0,1.0,https://doi.org/10.1016/j.apacoust.2024.109904,13.01.2026,Izzy,,,
Li et al.,2024,Environ Research,Elsevier,"Zhaoming Li, Wenzhu Zhang, Jingxian Cui, Hui Liu, and Hong Liu ",Beneficial effects of short-term exposure to indoor biophilic environments on psychophysiological health: Evidence from electrophysiological activity and salivary metabolomics,1,0.0,24.0,20-26,22.3,50%,visual + olfactory,4,real world,stat,Lab,1.0,,,,NA / NA,0.0,64,,1.0,0.0,0.0,,,0.0,0.0,"1 - Lying, sitting, or standing with localised movement, for example, finger tapping or button pressing",1.0,0 - All equipment off-body mounted and participant tethered via cabling to EEG acquisition equipment,0.0,"⍺, Frequency domain","Profile of Mood State (POMS), questionnaires",2,1.0,indoor environments with or without plants,alpha power,whole brain,relaxation,,"ECG, EDA, Cortisol, Cytokenes",1 = ICA,1,1.0,3 - not replicable,3.0,1.0,https://doi.org/10.1016/j.envres.2023.117843,4.11.25,Izzy,07.04.,Sonja,
Li & Kang,2019,Landscape Urban Planning,Elsevier,"Zhongzhe Li and Jian Kang ",Sensitivity analysis of changes in human physiological indicators observed in soundscapes,2,0.0,66.0,18-31,21.82,49%,auditory,2,audio recordings,stat,Lab,1.0,BIOPAC MP160,BIOPAC,,NA / NA,0.0,9,wet electrodes,1.0,1.0,0.0,,,0.0,0.0,"0 - Lying, sitting, or standing still",0.0,0 - All equipment off-body mounted and participant tethered via cabling to EEG acquisition equipment,0.0,"Proprietary output, Frequency domain, ⍺, 𝛽","questionnaires, Perceived Restorativeness Soundscape Scale (PRSS)",2,1.0,"4 different soundscapes: birds, ocean, road, traffic","proprietory AcqKnowledge software, PSD 𝜃, ⍺, 𝛽",,,,"ECG, EDA, Skin Temperature, resp",0 = Black Box,0,0.0,3 - not replicable,3.0,,https://doi.org/10.1016/j.landurbplan.2019.103593,11.03.2025,Klaus,07.04.,Sonja,
Li & Muromachi,2024,J East Asia Society for Transportation Studies,J-STAGE,Shangrui Li and Yasunori Muromachi,Analyzing Pedestrians’ Perception of Security during Actual Walking: The Effects of Built Environment and Spatial Configuration on EEG Pattern,2,1.0,20.0,,,0%,real world all modalities,6,real world,mobile,Real world,2.0,B-Alert X24,Advanced Brain Monitoring,256,NA/NA,0.0,21,,1.0,0.0,0.0,,,0.0,0.0,2 - Constrained walking/cycling,2.0,4 - Head-mounted and requires smartphone/tablet,4.0,"Frequency domain, ⍺, 𝜃",questionnaires,2,1.0,"Two different walking routes at night ",Frontal Alpha Asymmetry,frontal,"fear, perception of risk",,GPS,5 = Regression,5,0.0,3 - not replicable,3.0,,https://doi.org/10.11175/easts.15.2047,20.05.2025,Izzy,13.04.,Sonja,
Lin & Li,2026,Computer animation & virtual worlds,Wiley,"Mengyan Lin, Ning Li","Environmental Design Elements in Library Spaces: A Virtual Reality Study of Psychophysiological Responses to Color, Material, and Lighting in Built Environments",1,0.0,30.0,18-25,21.4,50%,visual,1,virtual reality (HMD),stat - HMD,Lab,1.0,BrainProducts Actichamp,Brain Products,500,,0.0,32,,1.0,0.0,1.0,0.5,40,0.0,0.0,"1 - Lying, sitting, or standing with localised movement, for example, finger tapping or button pressing",1.0,4 - Head-mounted and requires smartphone/tablet,,"Frequency domain, ⍺, 𝛽",questionnaires,2,1.0,"wall color (8 levels), flooring material (5 levels), and lighting intensity (7 levels)","PSD alpha, beta",,"relaxation, arousal",,Eyetracking,1 = ICA,1,1.0,3 - not replicable,3.0,1.0,https://doi.org/10.1002/cav.70092,13.01.2026,Izzy,,,
Lin et al.,2026,Materials Today Advances,Elsevier,"Junwen Lin, Bo Yang, Zonglin Li, Yiling Jiang, Lihan Xu, Yueting Zhou, Jingyi Hu, Xiaoyu Song, Lifeng Zhuang, Yuan Ren",Material authenticity drives neurophysiological restoration: Role of plant dyes and natural fibers,1,0.0,,,,,,,,,,,,,,,,,,,,,,,,,,,,,,,,,,,,,,,,,,,,,,30.04.2026,Izzy,,,
Lin et al.,2020,J Urban Health,Springer Nature,"Wei Lin, Qibing Chen, Mingyan Jiang, Jinying Tao, Zongfang Liu, Xiaoxia Zhang, Linjia Wu, Shan Xu, Yushan Kang, and Qiuyuan Zeng",Sitting or Walking? Analyzing the Neural Emotional Indicators of Urban Green Space Behavior with Mobile EEG,2,0.0,40.0,18-24,20.5,45%,real world all modalities,6,real world,mobile & stat,Real world,2.0,Emotiv EPOC+,Emotiv,128,NA / NA,0.0,14,,1.0,1.0,0.0,,,0.0,0.0,2 - Constrained walking/cycling,2.0,4 - Head-mounted and requires smartphone/tablet,4.0,Proprietary output,"questionnaires, STAI",9,2.0,walking vs sitting in green space,propriatory Emotiv,,proprietary,,,0 = Black Box,0,0.0,3 - not replicable,3.0,,https://doi.org/10.1007/s11524-019-00407-8,,Klaus,13.04.,Sonja,
Liu et al.,2024,J Environ Psychol,Elsevier,"Chao Liu, Xiaotong Jing, Jing Shi, Jiaxin Li, Yuanyuan Zhang, and Weijun Gao",Effects of natural sound on human stress recovery based on EEG technique,2,0.0,30.0,,,40%,auditory,2,audio recordings,stat,Lab,1.0,Emotiv Epoc Flex,Emotiv,128,NA/NA,0.0,32,wet electrodes,1.0,0.0,0.0,,,0.0,0.0,"0 - Lying, sitting, or standing still",0.0,4 - Head-mounted and requires smartphone/tablet,4.0,"Frequency domain, Time domain, ⍺, 𝛽","Perceptual Resilience Scale (PRS), Personal State Self-Assessment, questionnaires",2,1.0,type of acoustic environment,"relative ⍺, ⍺/𝛽 ratio, other ratio, P300, LPP, N300","frontal, parietal","⍺ and ratio - relaxation, ERP - recovery, emotional regulation",,,9 = NA,9,0.0,3 - not replicable,3.0,,https://doi.org/10.1016/j.jenvp.2024.102365,20.05.2025,Izzy,13.04.,Sonja,
Liu et al.,2025,Build Simul,Springer Nature,"Lin Liu, Xiwei Gan, Zhoupeng Ren, Jian Hang, Xiaolin Zhang, and Yuchen Ji",Mapping approach for emotional response to urban visual environments based on street view images and EEG signals,2,1.0,24.0,20-25,,75%,visual,1,still images,stat,Lab,1.0,Emotiv EPOC X,Emotiv,128,"50, 60Hz/0.5-60Hz, 48-52Hz",1.0,14,,1.0,1.0,1.0,0.5,60,0.0,1.0,"0 - Lying, sitting, or standing still",0.0,4 - Head-mounted and requires smartphone/tablet,4.0,"Frequency domain, δ, 𝜃, ⍺, 𝛽, λ","SAM, questionnaires",2,1.0,"buildings, greenery & skyview (extracted using sematic segmentation), color entropy, total number of different colors ","relative  δ, 𝜃, ⍺, 𝛽, λ",whole brain,in association with ratings,,,1 = ICA,1,1.0,2 - partially replicable,2.0,,https://doi.org/10.1007/s12273-025-1344-5,15.12.2025,Izzy,13.04.,Sonja,
Liu et al.,2025,Int J Technol Design Education,Springer Nature,"Pai Liu, Shuang Liang, Daiyue Lu, and Jessica Fernandez",Perceptions of virtual nature among design students: implications for well-being and restorative design education,2,1.0,70.0,18-29,,43%,visual,1,virtual reality (HMD),,Lab,1.0,,,,NA / NA,0.0,,,0.0,0.0,0.0,,,0.0,0.0,"1 - Lying, sitting, or standing with localised movement, for example, finger tapping or button pressing",1.0,4 - Head-mounted and requires smartphone/tablet,4.0,Proprietary output,"questionnaires, Perceived Restorativeness Scale (PRS)",9,0.0,Different VR natrual scenes as offered through the STeam VR platfrom,propriatory output from Neurosky (presumably),frontal,in association with rating (but only propriatory output),,"ECG, EDA",9 = NA,9,0.0,3 - not replicable,3.0,,https://doi.org/10.1007/s10798-025-10046-7,21.12.2025,Klaus,13.04.,Sonja,
Liu et al.,2026,Buildings,MDPI,"Liu, Yuchen, Ji, Shihu, & Whang, Mincheol",Emotion-Driven Architectural Image Generation and EEG-Based Evaluation: Divergent Subjective and Physiological Responses to AI-Modified Design Elements,1,0.0,27.0,,23,57%,visual,1,still images,stat,Lab,1.0,SAGA,TMSi,1024,NA / NA,0.0,64,,1.0,0.0,0.0,,,0.0,0.0,"1 - Lying, sitting, or standing with localised movement, for example, finger tapping or button pressing",1.0,2 - All equipment is waist-mounted,2.0,"Frequency domain, ⍺, 𝛽",questionnaires,2,1.0,"Systematic manipulation of color, material, and form of different space interiors","PSD ⍺, 𝛽",whole brain,more alpha = less arousal,,,1 = ICA,1,1.0,3 - not replicable,3.0,1.0,https://doi.org/10.3390/buildings16010036,16.01.2026,Klaus,,,
Llinares et al.,2025,Vitruvio,Universitat Politècnica de València (UPV),"Carmen Llinares, Maria Luisa Nolé, María Pérez-Martínez, Robi Barranco-Merino, and Juan Luis Higuera-Trujillo",An exploratory neuroarchitecture study: emotional responses to residential spaces using psychological and physiological indicators,1,1.0,30.0,33-63,50.68,46%,real world all modalities,6,real world,mobile,Real world,2.0,B-Alert X10,Advanced Brain Monitoring,256,NA / 0.5-40Hz,0.0,,,1.0,0.0,1.0,0.5,40,1.0,0.0,2 - Constrained walking/cycling,2.0,4 - Head-mounted and requires smartphone/tablet,4.0,"Frequency domain, 𝛽",questionnaires,2,0.0,different rooms and times of day in single family home,𝛽 power,frontal,"mental activation, stress vs reduced activation, pleasure",,"ECG, EDA",3 = Manual,3,0.0,3 - not replicable,3.0,,https://doi.org/10.4995/vitruvio-ijats.2025.24201,,Klaus,13.04,Sonja,
Lotemplio et al.,2026,J Cog Psychol,Taylor & Francis,"S. Lotemplio, M.J. Euler, E.E. Scott, A.S. Mcdonnell, T.L. Mckinney, S.C. Castro, G.M. Mcnay, K. Greenberg, B.R. Payne & D.L. Strayer",A natural boost to cognitive control? Two pilot studies on nature exposure as a potential modulator of the anterior N2 component and midline frontal theta,2,,,,,,,,,,,,,,,,,,,,,,,,,,,,,,,,,,,,,,,,,,,,,,https://doi.org/10.1080/20445911.2026.2649606,17.04.2026,Klaus,,,
Lu & Li,2025,Int J Technol Design Education,Springer Nature,Wen Lu and Ning Li,Integrating virtual reality and physiological feedback into architectural education: enhancing technological literacy and experiential learning,2,0.0,30.0,,,,visual,2,virtual reality (HMD),stat,Lab,1.0,Emotiv Epoc Flex,Emotiv,,NA / 0.5-40Hz,0.0,32,,1.0,0.0,1.0,0.5,40,0.0,0.0,"1 - Lying, sitting, or standing with localised movement, for example, finger tapping or button pressing",1.0,4 - Head-mounted and requires smartphone/tablet,4.0,Frequency domain,,2,1.0,Different plaza diemnsions and building heights,"Freq, 𝜃, ⍺, 𝛽, λ",,,,"EDA, PPG",9 = NA,9,0.0,3 - not replicable,3.0,,https://doi.org/10.1007/s10798-025-09999-6,11.06.2025,Klaus,13.04.,Sonja,
Lu et al.,2026,J Architectural and Planning Research,Locke Science,"Wen Lu, Jian Zhang, & Ning Li ",Building height modulates optimal plaza scale: A virtual reality and psycopjysoilogical study on spatial perception in high-density contexts,2,1.0,42.0,,25.3,,visual,1,virtual reality (HMD),stat,Lab,1.0,Emotiv Epoc Flex,Emotiv,,NA / 1-40 Hz,0.0,32,,1.0,0.0,1.0,1.0,40,0.0,1.0,"1 - Lying, sitting, or standing with localised movement, for example, finger tapping or button pressing",1.0,4 - Head-mounted and requires smartphone/tablet,4.0,"Frequency domain, ⍺, 𝛽","questionnaires, PANAS",2,1.0,Different plaza diemnsions and building heights,"Freq, ⍺, 𝛽","frontal, occipital, parietal","relaxation (alpha), ,mental load (beta)",,EDA,"1 = ICA, 3 = Manual","1, 3",1.0,3 - not replicable,3.0,0.0,https://doi.org/10.66033/japr2025-402,17.04.2026,Klaus,,,Full paper
Lu et al.,2025,Urban Forestry Urban Green,Elsevier,"Yihao Lu, Hui Liu, Yan Zhu, Zirui Zhu, Haixun Wang, Li He, Jianan Wang",Green relief: An exploration into the restorative effects of urban green spaces on eyestrain,2,0.0,16.0,,,50%,visual,1,"real world, still images",stat,Lab vs. Real world,3.0,Emotiv Epoc Flex,Emotiv,,NA/0.1-30Hz,0.0,10,,1.0,1.0,1.0,0.1,30,0.0,1.0,"0 - Lying, sitting, or standing still",0.0,4 - Head-mounted and requires smartphone/tablet,4.0,"Frequency domain, 𝜃, ⍺, 𝛽",questionnaires,2,1.0,Types of greenspace & lab vs. real world,eye strain parameter calculated from energy value of alpha plus theta divided by beta,,F value - visual fatigue,,,1 = ICA,1,1.0,2 - partially replicable,2.0,1.0,https://doi.org/10.1016/j.ufug.2025.128890,27.10.2025,Izzy,13.04.,Sonja,
"Luma et al. ",2026,Buildings,MDPI,"Dea Luma, Yoshiyuki Kawazoe","Nature in Indoor Environments: An EEG Study Comparing Natural Greenery with Nature-Derived Visual Alternatives
",3,0.0,25.0,,32.88,48%,visual,1,still images,stat,Lab,2.0,g.Nautilus,g.tec,250,"50Hz, 0.5-50Hz",1.0,8,dry electrodes,1.0,1.0,0.0,,,0.0,1.0,"1 - Lying, sitting, or standing with localised movement, for example, finger tapping or button pressing",1.0,"3 - Head-mounted EEG system, with additional equipment located in a rucksack or off-body",3.0,"Frequency domain, ⍺",questionnaires,2,1.0,"White/Green Color/Natural Greenery/Shadows of Greenery x Location in field of view ",FAA,frontal,relaxation,,,3 = Manual,3,0.0,2 - partially replicable,2.0,0.0,https://doi.org/10.3390/buildings16071284,29.04.2026,Izzy,,,Full paper
Luo et al.,2024,Landscape Urban Planning,Elsevier,"Weijing Luo , Chongxian Chen, Haiwei Li , and Yongqi Hou",How do residential open spaces influence the older adults’ emotions: A field experiment using wearable sensors,2,1.0,69.0,60-80,68.07,45%,real world all modalities,6,real world,mobile,Real world,2.0,Emotiv EPOC+,Emotiv,128,NA/1-50Hz,0.0,14,,1.0,0.0,1.0,1.0,50,0.0,1.0,2 - Constrained walking/cycling,2.0,4 - Head-mounted and requires smartphone/tablet,4.0,"⍺, 𝛽, Frequency domain","Profile of Mood State (POMS), Perceived Restorativeness Scale (PRS)",2,1.0,different residential outdoor spaces,⍺/𝛽 ratio,whole brain,"relaxation, calmness",,"EDA, ECG, GPS",1 = ICA,1,1.0,2 - partially replicable,2.0,,https://doi.org/10.1016/j.landurbplan.2024.105152,19.05.2025,Izzy,14.04.,Sonja,
Luo et al.,2023,J Environ Psychol,Elsevier,"Lan Luo, Pu Yu, and Bin Jiang",Differentiating mental health promotion effects of various bluespaces: An electroencephalography study,3,0.0,30.0,19-31,24,50%,visual,1,still images,stat,Lab,1.0,Neurosky Mindwave,NeuroSky,512,NA / NA,0.0,1,,1.0,1.0,0.0,,,0.0,0.0,"1 - Lying, sitting, or standing with localised movement, for example, finger tapping or button pressing",1.0,4 - Head-mounted and requires smartphone/tablet,4.0,"Frequency domain, ⍺, 𝛽",Restorative Components Scale,2,1.0,Types of bluespaces,"alpha, beta ",,mental health promotion,,,0 = Black Box,0,0.0,3 - not replicable,3.0,,https://doi.org/10.1016/j.jenvp.2023.102010,4.11.25,Izzy,14.04.,Sonja,
Ma et al.,2024,Urban Climate,Elsevier,"Xiaoyan Ma, Jiayi Lin, Aowei Liu, Xiaohui Nian, and Bo Hong",Psychophysiological responses of the elderly to outdoor thermal stress: A focused analysis,2,1.0,72.0,60-85,,,real world all modalities,6,real world,stat,Real world,2.0,Emotiv EPOC X,Emotiv,128,NA/1-30Hz,0.0,14,semi-dry,1.0,1.0,1.0,1.0,30,0.0,1.0,"1 - Lying, sitting, or standing with localised movement, for example, finger tapping or button pressing",1.0,4 - Head-mounted and requires smartphone/tablet,4.0,"Frequency domain, δ, 𝜃, ⍺, 𝛽","questionnaires, PANAS",2,1.0,different outdoor locations with different thermal stress,"""FEA"" = frontal eeg Asymmetry, PSD delta, 𝜃, ⍺, 𝛽,",whole brain,"FEA - recovery vs tension, delta - drowsiness, 𝜃 - pleasure, ⍺ - relaxation, 𝛽 - arousal",,"ECG, Blood Pressure, Skin Temperature","1 = ICA, 2 = Auomated, 3 = Manual",3,1.0,2 - partially replicable,2.0,1.0,https://doi.org/10.1016/j.uclim.2024.102094,04.11.2025,Izzy,14.04.,Sonja,
Ma et al.,2026,Front Public Health,Frontiers,"Danping Ma, Jianbin Lu, Qilong Wu, Jialin Zhang, Yueting Zhou, Dan Chen, Jingyi Hu, Huacheng Zhao, & Bo Yang",Physiological restorative benefits of different types of urban green spaces: a threshold model approach,2,,82.0,18-52,,55%,real world all modalities,6,real world,stat,Real world,2.0,Emotiv EPOC X,Emotiv,128,0.2–43 Hz,1.0,14,semi-dry,1.0,1.0,1.0,0.16,43,0.0,1.0,"1 - Lying, sitting, or standing with localised movement, for example, finger tapping or button pressing",1.0,4 - Head-mounted and requires smartphone/tablet,4.0,"Frequency domain, 𝜃, ⍺, 𝛽",Perceived Restorativeness Scale (PRS),2,1.0,Different types of parks,"relative power 𝜃, ⍺, 𝛽 + ratios",whole brain,,,,1 = ICA,1,1.0,2 - partially replicable,2.0,1.0,https://doi.org/10.3389/fpubh.2026.1735199,01.02.2026,Klaus,11.02.2026,Izzy,
Macruz et al.,2023,Front Architectural Research,KeAi,"Andrea Macruz, Ernesto Bueno, Gustavo Sol, Jaime Vega, Ricardo Palmieri, Bing Zhao",Designing for well-Being: Using facial microexpression analysis and EEG biosensor to  evaluate human responses to 2D biophilically-driven geometries,1,0.0,,,,,,,,,,,,,,,,,,,,,,,,,,,,,,,,,,,,,,,,,,,,,,,,,,
Mahamane et al.,2020,Front Psychol,Frontiers,"Salif Mahamane, Nick Wan, Alexis Porter, Allison S. Hancock, Justin Campbell, Thomas E. Lyon, and Kerry E. Jordan",Natural Categorization: Electrophysiological Responses to Viewing Natural Versus Built Environments,2,0.0,60.0,18-38,23.58,59%,visual,1,still images,stat,Lab,1.0,Emotiv EPOC+,Emotiv,128,0.1-59 Hz,0.0,14,,1.0,1.0,1.0,0.1,59,0.0,0.0,"1 - Lying, sitting, or standing with localised movement, for example, finger tapping or button pressing",1.0,4 - Head-mounted and requires smartphone/tablet,4.0,"Time domain, P300, LPP",Perceived Restorativeness Scale (PRS),1,0.0,natural vs. built images,P3 and LPP amplitude,"frontal, occipital","LPP - greater pleasantness, P3 - detection of categorical differences",,,1 = ICA,1,1.0,2 - partially replicable,2.0,1.0,https://doi.org/10.3389/fpsyg.2020.00NA0,,Klaus,14.04.,Sonja,
Manohar & Kurukkanari,2026,Front Built Environ,Frontiers,"Lakshmi Manohar, Chithra Kurukkanari",Emotive cities: understanding human perception of urban spaces – a pilot study,2,0.0,,25-45,8,,real world all modalities,6,real world,mobile,Real world,2.0,Emotiv Insight,Emotiv,128,,0.0,5,,1.0,0.0,0.0,,,0.0,0.0,3 - Unconstrained walking/cyclin,3.0,4 - Head-mounted and requires smartphone/tablet,4.0,Proprietary output,questionnaires,9,2.0,Different urban streets in Southern India,Emotiv Proprietary Scores,"frontal, temporal, parietal","stress, engagement, interest, excitement, focus, relaxation",,,0 = Black Box,0,0.0,3 - not replicable,3.0,1.0,https://doi.org/10.3389/fbuil.2025.1713734,21.01.2026,Izzy,,,
Manohare et al.,2023,Applied Acoustics,Elsevier,"Manish Manohare, E Rajasekar, and Manoranjan Parida",Electroencephalography based classification of emotions associated with road traffic noise using Gradient boosting algorithm,2,0.0,14.0,22-28,25,57%,visual + auditory,3,video immersive (HMD),stat - HMD,Lab,1.0,Emotiv EPOC+,Emotiv,128,NA / NA,0.0,14,,0.0,0.0,0.0,,,0.0,0.0,"1 - Lying, sitting, or standing with localised movement, for example, finger tapping or button pressing",1.0,4 - Head-mounted and requires smartphone/tablet,4.0,"𝜃, ⍺, 𝛽, λ, Proprietary output, Frequency domain",,9,1.0,different environmental noise levels,"propriatory Emotiv Pro Freq, 𝜃, ⍺, 𝛽, gamma",,"propriatory Emotiv  ⍺, 𝛽 - alertness vs relaxation",,,0 = Black Box,0,0.0,3 - not replicable,3.0,1.0,https://doi.org/10.1016/j.apacoust.2023.109306,,Klaus,14.04.,Sonja,
Manohare et al.,2023,Noise and Health,Wolters Kluwer Medknow,"Manish Manohare, E Rajasekar, and Manoranjan Parida",Analysing the Change in Brain Waves due to Heterogeneous Road Traffic Noise Exposure Using Electroencephalography Measurements,2,0.0,12.0,22-28,25,67%,auditory,2,audio recordings,stat,Lab,1.0,Emotiv EPOC+,Emotiv,128,NA / 0.5-50 Hz,0.0,14,,1.0,1.0,1.0,0.5,50,0.0,0.0,"1 - Lying, sitting, or standing with localised movement, for example, finger tapping or button pressing",1.0,4 - Head-mounted and requires smartphone/tablet,4.0,"𝜃, ⍺, 𝛽, Frequency domain",questionnaires,2,1.0,different soundscapes,"Power, relative Power in 𝜃, ⍺, 𝛽",whole brain,"𝜃 - cognitive load, ⍺ - relaxation, 𝛽 - stress",,,1 = ICA,1,1.0,2 - partially replicable,2.0,,https://doi.org/10.4103/nah.nah_58_22,,Klaus,14.04.,Sonja,
Mavros et al.,2022,Scientific Reports,Springer Nature,"Panagiotis Mavros, Michel J Wälti, Mohsen Nazemi, Crystal Huiyi Ong, and Christoph Hölscher ",A mobile EEG study on the psychophysiological effects of walking and crowding in indoor and outdoor urban environments,2,0.0,42.0,19-32,22.29,52%,visual,1,video (monitor),mobile,Lab,1.0,MBrainTrain Smarting,MBrainTrain,500,NA / 1-40 Hz,0.0,24,wet electrodes,1.0,1.0,1.0,1.0,40,0.0,1.0,2 - Constrained walking/cycling,2.0,4 - Head-mounted and requires smartphone/tablet,4.0,"𝜃, ⍺, 𝛽, SNR, Frequency domain","SAM, questionnaires",2,1.0,"Urban indoor vs. outdoor, social crowding","Arousal, Valence",frontal,"FA - attention restoration, FMT - cognitive control, theta/beta - cognitive load, FAA - positive affective state",,EDA,1 = ICA,1,1.0,1 - replicable,1.0,1.0,https://doi.org/10.1038/s41598-022-20649-y,,Klaus,17.04.,Sonja,
McDonnell et al.,2025,Front Human Neuroscience,Frontiers,"Amy S. McDonnell, Sara B. LoTemplio, Emily E. Scott, and David L. Strayer",Nature images are more visually engaging than urban images: evidence from neural oscillations in the brain,2,0.0,58.0,18-44,24.69,26%,visual,1,still images,mobile,Lab,1.0,BIOPAC Bionomadix,BIOPAC,2000,"NA / 0.1-30Hz ",0.0,3,wet electrodes,1.0,1.0,1.0,0.1,30,1.0,1.0,"0 - Lying, sitting, or standing still",0.0,2 - All equipment is waist-mounted,2.0,"Frequency domain, 𝜃, ⍺",Perceived Restorativeness Scale (PRS),2,1.0,green vs urban images,"PSD 𝜃, ⍺",,"𝜃 - cognitive effort, ⍺ - visual engagement",,,2 = Auomated,2,0.0,1 - replicable,1.0,1.0,https://doi.org/10.3389/fnhum.2025.1575102,11.07.2025,Klaus,17.04.,Sonja,
McDonnell et al.,2025,J Environ Psychol,Elsevier,"Amy S. McDonnell, Sara B. LoTemplio, Emily E. Scott, G. David McNay, Kevin Greenberg, Spencer C. Castro, & David L. Strayer",Immersion in nature decreases neural sensitivity to extrinsic reward,2,0.0,60.0,18-50,25.47,50%,"visual, real world all modalities","1,6","still images, real world",stat,Real world,2.0,BIOPAC Bionomadix,BIOPAC,2000,NA / NA,0.0,3,wet electrodes,1.0,1.0,1.0,0.1,30,0.0,1.0,"1 - Lying, sitting, or standing with localised movement, for example, finger tapping or button pressing",1.0,"3 - Head-mounted EEG system, with additional equipment located in a rucksack or off-body",3.0,"Time domain, Reward Positivity (rP)",Gambling Task,1,0.0,"green vs no green ","Gambling behavior, Reward positivity",frontal,More green - lower rewP,,,2 = Auomated,2,0.0,1 - replicable,1.0,1.0,https://doi.org/10.1016/j.jenvp.2025.102546,01.04.2026,Klaus,,,
McDonnell & Strayer,2024,Scientific Reports,Springer Nature,Amy S. McDonnell and David L. Strayer,The influence of a walk in nature on human resting brain activity: a randomized controlled trial,2,0.0,92.0,18-57,29.43,22%,real world all modalities,6,real world,mobile,Real world,2.0,BrainProducts Actichamp,Brain Products,500,NA / 0.1-30 Hz,0.0,32,wet electrodes,1.0,1.0,1.0,0.1,30,0.0,1.0,"0 - Lying, sitting, or standing still",0.0,0 - All equipment off-body mounted and participant tethered via cabling to EEG acquisition equipment,0.0,"𝜃, Frequency domain",PANAS,2,0.0,"attention restoration after walk through green vs urban environment; Attention Network Task was used to meausre Arousal, Orienting and central executive attention",fm𝜃,frontal,engagement of executive attention,,"GPS, ECG",2 = Auomated,2,0.0,1 - replicable,1.0,1.0,https://doi.org/10.1038/s41598-024-78508-x,,Klaus,17.04.,Sonja,
McDonnell & Strayer,2024,Scientific Reports,Springer Nature,Amy S. McDonnell and David L. Strayer,Immersion in nature enhances neural indices of executive attention,2,0.0,92.0,18-57,29.43,22%,real world all modalities,6,real world,mobile,Real world,2.0,BrainProducts Actichamp,Brain Products,500,NA / 0.1-30 Hz,0.0,32,wet electrodes,1.0,1.0,1.0,0.1,30,0.0,1.0,"1 - Lying, sitting, or standing with localised movement, for example, finger tapping or button pressing",1.0,0 - All equipment off-body mounted and participant tethered via cabling to EEG acquisition equipment,0.0,"Time domain, ERN, P300",Perceived Restorativeness Scale (PRS),1,0.0,"attention restoration after walk through green vs urban environment; Attention Network Task was used to meausre Arousal, Orienting and central executive attention","ERN, P300",,"ERN - executive control capacity, P300 - enhanced alerting ",,ECG,2 = Auomated,2,0.0,1 - replicable,1.0,2.0,https://doi.org/10.1038/s41598-024-52205-1,,Klaus,17.04.,Sonja,
Mecklinger et al.,2014,Cognitive Neuroscience,Taylor & Francis,"Axel Mecklinger, Olga Kriukova, Heiner Mühlmann & Thomas Grunwald",Cross-cultural differences in processing of architectural ranking: Evidence from an eventrelated potential study,1,1.0,35.0,18-30,22.8,47%,visual,1,still images,stat,Lab,1.0,,,500,DC-70Hz; 0.05-100Hz/ <12Hz,1.0,"58, 66",,1.0,1.0,1.0,,,0.0,0.0,"1 - Lying, sitting, or standing with localised movement, for example, finger tapping or button pressing",1.0,0 - All equipment off-body mounted and participant tethered via cabling to EEG acquisition equipment,0.0,"Time domain, N350, LPP",,1,0.0,Drawings of High and Low Ranking Architecture,"N350, LPC","frontal, parietal","recognizability, knowledge activation",,EOG,9 = NA,9,0.0,2 - partially replicable,2.0,,https://doi.org/10.1080/17588928.2013.869740,06.01.2026,Izzy,,,
Mihara et al.,2022,Science and Technology for the Built Environment,Taylor & Francis,"KUNIAKI MIHARA , TAKAMASA HASAMA, HIROYUKI TAKASUNA",Physiological and psychological responses and cognitive  performance with a window view,1,0.0,26.0,25-59,,88%,visual,1,real world,stat,Lab,1.0,Emotiv EPOC X,Emotiv,,,0.0,14,,1.0,0.0,0.0,,,0.0,0.0,"1 - Lying, sitting, or standing with localised movement, for example, finger tapping or button pressing",1.0,4 - Head-mounted and requires smartphone/tablet,4.0,"Frequency domain, ⍺, 𝜃",questionnaires,2,1.0,Windowview vs. Blinds down,"relative theta, alpha","frontal, temporal, parietal, occipital","memory load, anxiety, tension, ",,"ECG, Skin Temperature, Performance",9 = NA,9,0.0,3 - not replicable,3.0,,https://doi.org/10.1080/23744731.2022.2049639,08.01.2026,Izzy,,,
Min & Shang,2026,Buildings,MDPI,"Lu Min, Wei Shang",Investigating the Impact of Gray-Green Space Exposure Ratio and Spatial Openness Level on Social–Emotional Responses of Older Adults Using EEG Data: A Case Study of Streets in Wuhan,1,1.0,30.0,60-85,,,visual,1,video (monitor),stat,Lab,1.0,EEG:TGAM,NeuroSky,512,,0.0,,,0.0,0.0,0.0,,,0.0,0.0,"0 - Lying, sitting, or standing still",0.0,4 - Head-mounted and requires smartphone/tablet,4.0,"Frequency domain, ⍺, 𝛽",questionnaires,2,1.0,"Spatial Openness and Green/Gray Ratio ",⍺/𝛽,,,,,9 = NA,9,0.0,3 - not replicable,3.0,1.0,https://doi.org/10.3390/buildings16051000,,,,,
Mostafavi et al.,2023,J Building Engineering,Elsevier,"Armin Mostafavi, Jesus G. Cruz-Garza, Saleh Kalantari",Enhancing lighting design through the investigation of illuminance and correlated color temperature's effects on brain activity: An EEG-VR approach,1,0.0,25.0,18-64,24.4,40%,visual,1,virtual reality (HMD),stat - HMD,Lab,1.0,MBrainTrain Smarting,MBrainTrain,250,NA / 1-49 Hz,0.0,22,,1.0,1.0,1.0,1.0,49,1.0,1.0,"1 - Lying, sitting, or standing with localised movement, for example, finger tapping or button pressing",1.0,4 - Head-mounted and requires smartphone/tablet,4.0,"𝜃, ⍺, 𝛽, Frequency domain","questionnaires, SAM, IPQ",2,1.0,"different light conditions in VR office spaces ","SAM, Freq, 𝜃, ⍺, 𝛽","frontal, parietal, temporal",,,,"1 = ICA, 6 = ML",1,1.0,1 - replicable,1.0,1.0,https://doi.org/10.1016/j.jobe.2023.106776,Klaus 21-04-2025: minor changes regarding electrode type (authors report only Ag/AgCl but not wet etc.,Klaus,20.04.,Sonja,
Naghibi,2024,Cities,Elsevier,Maryam Naghibi,Rethinking small vacant lands in urban resilience: Decoding cognitive and emotional responses to cityscapes,2,0.0,25.0,31-70,,45%,visual,1,still images,stat,Lab,1.0,Emotiv EPOC,Emotiv,,NA / NA,0.0,14,,1.0,0.0,0.0,,,0.0,0.0,"1 - Lying, sitting, or standing with localised movement, for example, finger tapping or button pressing",1.0,4 - Head-mounted and requires smartphone/tablet,4.0,"𝜃, ⍺, 𝛽, λ, Frequency domain",SAM,2,1.0,small vacant land variations in Iran,"SVM on variations in d, 𝜃, ⍺, 𝛽, λ",,"d, 𝜃 - wakeful engagement ⍺ - relaxation, 𝛽, λ - cognitive effort",,,"6 = ML, 0 = Black Box",0,0.0,3 - not replicable,3.0,1.0,https://doi.org/10.1016/j.cities.2024.105167,,Klaus,20.04.,Sonja,
Naghibi et al.,2024,Environ Health Insights,Sage Publishing,"Maryam Naghibi, Ashkan Farrokhi, and Mohsen Faizi","Small Urban Green Spaces: Insights into Perception, Preference, and Psychological Well-being in a Densely Populated Areas of Tehran, Iran",2,0.0,25.0,31-70,22.84,45%,visual,1,still images,stat,Lab,1.0,Emotiv EPOC+,Emotiv,128,NA / NA,0.0,14,wet electrodes,1.0,1.0,0.0,,,0.0,0.0,"0 - Lying, sitting, or standing still",0.0,4 - Head-mounted and requires smartphone/tablet,4.0,"𝜃, ⍺, 𝛽, λ, Frequency domain","Profile of Mood State (POMS), Stroop",2,1.0,"small urban spaces with vs. without green/blue manipulation vs. ","POMS, PSD δ, 𝜃, ⍺, 𝛽, λ",whole brain,,,Blood Oxygenation,"1 = ICA, 6 = ML",1,1.0,3 - not replicable,3.0,,https://doi.org/10.1177/1178630224124831,,Klaus,,,
Naghibi Rad et al.,2019,Front Behav Neurosci,Frontiers,"Parastou Naghibi Rad, Abbas Ali Shahroudi, Hamed Shabani, Sahar Ajami, and Reza Lashgari",Encoding Pleasant and Unpleasant Expression of the Architectural Window Shapes: An ERP Study,1,0.0,9.0,,26,56%,visual,1,still images,stat,Lab,1.0,ANT mylab,ANT Neuro,16000,NA / 0.1-60,0.0,32,wet electrodes,1.0,1.0,1.0,0.1,60,0.0,0.0,"1 - Lying, sitting, or standing with localised movement, for example, finger tapping or button pressing",1.0,0 - All equipment off-body mounted and participant tethered via cabling to EEG acquisition equipment,0.0,Time domain,SAM,1,0.0,window shapes,"amplitude, latency of ERP windo","frontal, parietal, occipital","amplitude - higher emotional arousal, right hemisphere superior for unpleasant stimuli",,,2 = Auomated,2,0.0,2 - partially replicable,2.0,,https://doi.org/10.3389/fnbeh.2019.00186,,Klaus,20.04.,Sonja,
Nam & Jeon,2025,Healthcare,MDPI,Eunheui Nam and Seongwoo Jeon,Effects of Forest Trail and Ground Walking on Mental and Physical Health Promotion in Middle-Aged Women Living in Urban Areas,2,1.0,30.0,40-59,51.2,0%,real world all modalities,6,real world,stat,Real world,2.0,Muse 2,InteraXon,,NA / NA,0.0,4,,1.0,0.0,0.0,,,0.0,0.0,"1 - Lying, sitting, or standing with localised movement, for example, finger tapping or button pressing",1.0,4 - Head-mounted and requires smartphone/tablet,4.0,"Frequency domain, δ, 𝜃, ⍺, 𝛽, λ",,2,1.0,walking in green vs urban areas,"PSD δ, 𝜃, ⍺, 𝛽, λ","frontal, temporal, occipital","δ, 𝜃 - relaxation, ⍺ - emotional stability, 𝛽 - alertness, λ - cognitive activation",,ECG,9 = NA,9,0.0,3 - not replicable,3.0,0.0,https://doi.org/10.3390/healthcare13222876,06.12.2025,Klaus,20.04.,Sonja,
Neale et al.,2017,J Urban Health,Springer Nature,"Chris Neale, Peter Aspinall, Jenny Roe, Sara Tilley, Panagiotis Mavros, Steve Cinderby, Richard Coyne, Neil Thin, Gary Bennett, and Catharine Ward Thompson",The Aging Urban Brain: Analyzing Outdoor Physical Activity Using the Emotiv Affectiv Suite in Older People,2,1.0,95.0,65-92,76.55,,real world all modalities,6,real world,mobile,Real world,2.0,Emotiv EPOC+,Emotiv,128,NA / NA,0.0,14,,1.0,1.0,0.0,,,0.0,0.0,3 - Unconstrained walking/cyclin,3.0,4 - Head-mounted and requires smartphone/tablet,4.0,"𝜃, ⍺, 𝛽, λ, Proprietary output",questionnaires,2,1.0,Walking through Urban Busy vs. Quiet vs. Green,"propriatory Emotiv Pro Freq, 𝜃, ⍺, 𝛽, gamma",,"emotiv engagement, excitement, frustration",,,0 = Black Box,0,0.0,3 - not replicable,3.0,,https://link.springer.com/article/10.1007/s11524-017-0191-9,,Klaus,20.04.,Sonja,
Neale et al.,2020,Cities & Health,Taylor & Francis,"Chris Neale, Peter Aspinall, Jenny Roe, Sara Tilley, Panagiotis Mavros, Steve Cinderby, Richard Coyne, Neil Thin, and Catharine Ward Thompson",The impact of walking in different urban environments on brain activity in older people,2,1.0,95.0,65-92,76.55,,real world all modalities,6,real world,mobile,Real world,2.0,Emotiv EPOC+,Emotiv,128,0.16-42 Hz,0.0,14,wet electrodes,1.0,1.0,1.0,0.16,42,0.0,0.0,3 - Unconstrained walking/cyclin,3.0,4 - Head-mounted and requires smartphone/tablet,4.0,"Frequency domain, 𝛽, ⍺",questionnaires,2,1.0,Walking through Urban Busy vs. Quiet vs. Green,"Attention, RMS of ⍺, low and high 𝛽 ",,low and high 𝛽 - alertness,,,1 = ICA,1,1.0,2 - partially replicable,2.0,,https://doi.org/10.1080/23748834.2019.1619893,,Klaus,27.04.,Sonja,
Nie et al.,2022,Landscape Archit Front,Higher Education Press,"NIE Wei, JIA Jiangxu, WANG Mimi, SUN Jin, and LI Gang",Research on the Impact of Panoramic Green View Index of Virtual Reality Environments on Individuals' Pleasure Level Based on EEG Experiment,2,0.0,18.0,,,56%,visual,1,video immersive (HMD),stat - HMD,Lab,1.0,Emotiv Epoc Flex,Emotiv,128,NA / NA,0.0,7,wet electrodes,1.0,1.0,0.0,,,0.0,0.0,"1 - Lying, sitting, or standing with localised movement, for example, finger tapping or button pressing",1.0,4 - Head-mounted and requires smartphone/tablet,4.0,"Frequency domain, ⍺",questionnaires,2,1.0,greenery in panoramic scenes,pleasure,"frontal, parietal, occipital",pleasure levels,,,1 = ICA,1,1.0,3 - not replicable,3.0,,https://journal.hep.com.cn/laf/EN/10.15302/J-LAF-1-020059,,Klaus,27.04.,Sonja,
Olszewska-Guizzo et al.,2018,Front Psychiatry,Frontiers,"Agnieszka A. Olszewska-Guizzo, Tiago O. Paiva, and Fernando Barbosa",Effects of 3D Contemplative Landscape Videos on Brain Activity in a Passive Exposure EEG Experiment,2,0.0,32.0,,27,62%,visual,1,still images,stat,Lab,1.0,Enobio,Neuroelectrics,500,"0-250 / 1-125 ",1.0,8,dry electrodes,1.0,1.0,1.0,1.0,125,0.0,1.0,"1 - Lying, sitting, or standing with localised movement, for example, finger tapping or button pressing",1.0,4 - Head-mounted and requires smartphone/tablet,4.0,"⍺, 𝛽, Frequency domain, Alpha asymmetry",questionnaires,2,1.0,Non-complentative vs. complentative landscape,Attention,"frontal, temporal",bottom-up attention,,,3 = Manual,3,0.0,2 - partially replicable,2.0,,https://doi.org/10.3389/fpsyt.2018.00317,,Klaus,27.04.,Sonja,
Olszewska-Guizzo et al.,2018,Int J Environ Res Pub Health,MDPI,"Agnieszka Olszewska-Guizzo, Nicolas Escoffier, Jane Chan, and Tan Puay Yok",Window View and the Brain: Effects of Floor Level and Green Cover on the Alpha and Beta Rhythms in a Passive Exposure EEG Experiment,2,0.0,29.0,21-67,31,62%,visual,1,still images,stat,Lab,1.0,Emotiv EPOC+,Emotiv,256,NA / 3-128,0.0,14,wet electrodes,1.0,1.0,1.0,3.0,128,0.0,1.0,"1 - Lying, sitting, or standing with localised movement, for example, finger tapping or button pressing",1.0,4 - Head-mounted and requires smartphone/tablet,4.0,"⍺, 𝛽, Frequency domain",questionnaires,2,1.0,level of green in window views,"Power ⍺, 𝛽","frontal, temporal",attention,,,1 = ICA,1,1.0,1 - replicable,1.0,,https://doi.org/10.3390/ijerph15112358,,Klaus,27.04.,Sonja,
Olszewska-Guizzo et al.,2020,Int J Environ Res Pub Health,MDPI,"Agnieszka Olszewska-Guizzo, Angelia Sia, Anna Fogel, and Roger Ho
",Can Exposure to Certain Urban Green Spaces Trigger Frontal Alpha Asymmetry in the Brain?—Preliminary Findings from a Passive Task EEG Study,2,0.0,22.0,21-75,32.9,41%,real world all modalities,6,real world,stat,Real world,2.0,BrainProducts V-Amp,Brain Products,500,"50 Hz notch, ? - 40 Hz",0.0,16,dry electrodes,1.0,0.0,0.0,,40,0.0,0.0,"1 - Lying, sitting, or standing with localised movement, for example, finger tapping or button pressing",1.0,0 - All equipment off-body mounted and participant tethered via cabling to EEG acquisition equipment,0.0,"Alpha asymmetry, Frequency domain, ⍺","Profile of Mood State (POMS), questionnaires",2,1.0,green space vs. busy urban,frontal alpha asymetry,frontal,,,,1 = ICA,1,1.0,2 - partially replicable,2.0,,https://doi.org/10.3390/ijerph17020394,,Klaus,29.04.,Sonja,
Olszewska-Guizzo et al.,2021,J Environ Psychol,Elsevier,"Agnieszka Olszewska-Guizzo, Anna Fogel, Nicolas Escoffier, and Roger Ho",Effects of COVID-19-related stay-at-home order on neuropsychophysiological response to urban spaces: Beneficial role of exposure to nature?,2,0.0,25.0,21-74,40.4,44%,visual + auditory,3,video (monitor),stat,Lab,1.0,BrainProducts V-Amp,Brain Products,500,NA / 50 Hz notch 0.5-40 Hz,0.0,16,dry electrodes,1.0,1.0,1.0,0.5,40,0.0,0.0,"1 - Lying, sitting, or standing with localised movement, for example, finger tapping or button pressing",1.0,0 - All equipment off-body mounted and participant tethered via cabling to EEG acquisition equipment,0.0,"⍺, Frequency domain, Alpha asymmetry","Profile of Mood State (POMS), SAM, questionnaires",2,1.0,"pre vs- post Covid, Green vs. Urban","Mood, Depression, Arousal, Valence, power ⍺, FAA",frontal,FAA in relationship with measures of depression - emotional processing marker,,,1 = ICA,1,1.0,2 - partially replicable,2.0,,https://doi.org/10.1016/j.jenvp.2021.101590,,Klaus,29.04.,Sonja,
Olszewska-Guizzo et al.,2022,Front Psychiatry,Frontiers,"Agnieszka Olszewska-Guizzo, Anna Fogel, Nicolas Escoffier, Angelia Sia, Kenta Nakazawa, Akihiro Kumagai, Ippeita Dan, and Roger Ho",Therapeutic Garden With Contemplative Features Induces Desirable Changes in Mood and Brain Activity in Depressed Adults,2,1.0,92.0,21-74,36.62,40%,real world all modalities,6,real world,mobile,Real world,2.0,BrainProducts V-Amp,Brain Products,500,"50 Hz notch, 0.5-40 Hz",0.0,16,dry electrodes,1.0,1.0,1.0,0.5,40,0.0,0.0,"1 - Lying, sitting, or standing with localised movement, for example, finger tapping or button pressing",1.0,0 - All equipment off-body mounted and participant tethered via cabling to EEG acquisition equipment,0.0,"⍺, 𝛽, Frequency domain, Alpha asymmetry","questionnaires, Profile of Mood State (POMS)",2,1.0,Non-complentative vs. complentative landscape,"FAA, 𝛽","frontal, temporal","FAA - affective reactivity, TBA - attention restoration",,fNRIS,1 = ICA,1,1.0,2 - partially replicable,2.0,1.0,https://doi.org/10.3389/fpsyt.2022.757056,,Klaus,29.04.,Sonja,
Olszewska-Guizzo et al.,2022,Scientific Reports,Springer Nature,"Agnieszka Olszewska-Guizzo, Angelia Sia, Anna Fogel, and Roger Ho","Features of urban green spaces associated with positive emotions, mindfulness and relaxation",2,0.0,74.0,21-74,38,40%,real world all modalities,6,real world,stat,Real world,2.0,BrainProducts V-Amp,Brain Products,500,NA / 50 Hz notch 0.5-40 Hz,0.0,16,dry electrodes,1.0,1.0,1.0,0.5,40,0.0,0.0,"1 - Lying, sitting, or standing with localised movement, for example, finger tapping or button pressing",1.0,0 - All equipment off-body mounted and participant tethered via cabling to EEG acquisition equipment,0.0,"𝜃, ⍺, 𝛽, Frequency domain","SAM, questionnaires",2,1.0,Non-complentative vs. complentative landscape,"Mood, Depression, Arousal, Valence, power 𝜃, ⍺, 𝛽","frontal, temporal","𝜃, ⍺ - relaxation of cognitive strain , 𝛽 temporal asymmetry -  attention restoration",,,1 = ICA,1,1.0,2 - partially replicable,2.0,1.0,https://doi.org/10.1038/s41598-022-24637-0,,Klaus,29.04.,Sonja,
Park et al.,2026,Architecture,MDPI,"Jinoh Park, Michelle Boyoung Huh, Marjan Miri, Melissa Hoelting, Samantha Flores, Yashaswini Karagaiah, & Mahdi Afkhami",Prospect and Refuge in the Workplace: An Exploratory Pilot EEG Investigation of Desk Orientation and Hypervigilance Among Adults with ADHD,1,1.0,6.0,,,,real world all modalities,6,real world,stat,Lab,1.0,Flowtime headband,Enter Technology,,NA / NA,0.0,2,dry electrodes,1.0,0.0,0.0,,,0.0,0.0,"1 - Lying, sitting, or standing with localised movement, for example, finger tapping or button pressing",1.0,4 - Head-mounted and requires smartphone/tablet,4.0,"Frequency domain, 𝜃, ⍺, 𝛽, λ",questionnaires,2,1.0,desk arrangement in four condition in an open vs private office space,"stress, security",frontal,more alpha higher security,,ECG,0 = Black Box,0,0.0,3 - not replicable,3.0,0.0,https://doi.org/10.3390/architecture6020051,30.03.2026,Klaus,,,
Park et al.,2025,Virtual Reality,Springer Nature,"Park, W., Son, D., Im, B., Her, J., Kim, Y. J., & Kim, S. N.",Fear of crime revisited: analyzing the effects of urban nighttime illuminance on neural and psychological responses using recorded virtual environments and electroencephalogram data,2,0.0,95.0,,25,55%,visual,1,video immersive (HMD),stat - HMD,Lab,1.0,Muse 2,InteraXon,256,"NA / 0.1-45Hz, 60Hz",0.0,5,,0.0,1.0,1.0,,,0.0,1.0,"1 - Lying, sitting, or standing with localised movement, for example, finger tapping or button pressing",1.0,4 - Head-mounted and requires smartphone/tablet,4.0,"Frequency domain, ⍺, 𝛽",questionnaires,2,1.0,illuminance in urban alleys at night,"arousal and valence as measured by  𝛽/⍺ ratio and 𝛽/⍺ ratio asymmetry ",,,,,3 = Manual,3,0.0,3 - not replicable,3.0,1.0,https://doi.org/10.1007/s10055-025-01211-3,5.10.2025; 26.11.25,"Klaus, Izzy",,,
Payedar-Ardakani et al.,2024,J Building Engineering,Elsevier,"Pegah Payedar-Ardakani, Yousef Gorji-Mahlabani, Abdul Hamid Ghanbaran, Reza Ebrahimpour",The impact of changes in daylight illuminance levels on architectural experiences in office environments using virtual reality and electroencephalogram,1,0.0,32.0,20-40,27.25,50%,visual,1,still images (HMD),stat - HMD,Lab,1.0,g.HIAMP,g.tec,512,NA/1-40Hz,0.0,32,,1.0,0.0,1.0,1.0,40,0.0,1.0,"1 - Lying, sitting, or standing with localised movement, for example, finger tapping or button pressing",1.0,0 - All equipment off-body mounted and participant tethered via cabling to EEG acquisition equipment,0.0,"Frequency domain, δ, 𝜃, ⍺, 𝛽",questionnaires,2,,illuminance in office environment,"absolute and relative delta, theta, alpha beta power",whole brain,,,,"3 = Manual, 2 = Auomated, 1 = ICA",,1.0,3 - not replicable,3.0,1.0,https://doi.org/10.1016/j.jobe.2024.110487,7.1.26,Izzy,,,
Peng et al.,2025,Front Architectural Research,KeAi,"Huiyun Peng, Tingting Zhu, Tingting Yang, Mingying Zeng, Shaohua Tan, Li Yan",Depression or recovery? A study of the influencing elements of urban street environments to alleviate mental stress,2,0.0,33.0,,,,visual,1,still images,stat,Lab,1.0,Emotiv EPOC+,Emotiv,,NA / NA,0.0,14,,0.0,0.0,0.0,,,0.0,0.0,"0 - Lying, sitting, or standing still",0.0,4 - Head-mounted and requires smartphone/tablet,4.0,Proprietary output,questionnaires,3,2.0,"exposure to (images of) different urban environments - images quantified using a mix of methods for factors:
Green looking ratio, Degree of walkability, Facility distribution rate, Motor vehicle presence rate, Slow-moving occurrences, sky visibility, building enclosure, Elevation permeability, Environmental complexity, color richness",emotional states defined by proprietary output from the Emotive system,,,,,0 = Black Box,0,0.0,3 - not replicable,3.0,,https://doi.org/10.1016/j.foar.2024.11.006,24.02.2025,Izzy,,,
Perwira et al.,2024,Front Architectural Research,KeAi,"Satrio Agung Perwira, Bart Dewancker, Dimas Herjuno",Pilot study of the emotion cognition based  on visual experience: A case study of  roadside buildings in the Orio-Hibikino area,2,0.0,,,,,visual,1,still images,stat,Lab,1.0,Emotiv Insight,Emotiv,,NA/NA,0.0,5,,0.0,0.0,0.0,,,0.0,0.0,"0 - Lying, sitting, or standing still",0.0,4 - Head-mounted and requires smartphone/tablet,,"Frequency domain, ⍺",questionnaires,2,1.0,"different form, color, texture, form in streetview images",alpha,,comfort,,,9 = NA,9,0.0,3 - not replicable,3.0,,https://doi.org/10.1016/j.foar.2024.03.012,07.01.2026,Izzy,,,
Presti et al.,2023,Proc Natl Acad Sci USA,National Academy of Science USA,"Paolo Presti, Gaia Maria Galasso, Davide Ruzzon, Pietro Avanzini, Fausto Caruana, Giacomo Rizzolatti , and Giovanni Vecchiato ",Architectural experience influences the processing of others’ body expressions,1,,24.0,20-30,26.66,50%,,,virtual reality (HMD),stat - HMD,Lab,1.0,Geodesic Netamp,Electrical Geodesic Inc.,500,NA / NA,0.0,128,wet electrodes,1.0,1.0,1.0,,,0.0,0.0,"1 - Lying, sitting, or standing with localised movement, for example, finger tapping or button pressing",1.0,0 - All equipment off-body mounted and participant tethered via cabling to EEG acquisition equipment,0.0,"Time domain, ERPs",,1,0.0,arousing vs. non-arousing rooms plus rating of emotional expression from avatars,"Arousal, Emotion Ratings, P200, LPP",,,,Eyetracking,1 = ICA,1,1.0,2 - partially replicable,2.0,2.0,https://doi.org/10.1073/pnas.2302215120,,Klaus,,,
Qi et al.,2022,J Environ Psychol,Elsevier,"Ying Qi, Qujing Chen, Feng Lin, Qi Liu, Xiaowan Zhang, Jiayu Guo, Ling Qiu, Tian Gao",Comparative study on birdsong and its multi-sensory combinational effects on physio-psychoological restoration,3,,308.0,,,,visual + auditory,3,video immersive (HMD),stat - HMD,Lab,1.0,Neurosky Mindwave,NeuroSky,,NA / NA,0.0,1,,1.0,0.0,0.0,,,0.0,0.0,"1 - Lying, sitting, or standing with localised movement, for example, finger tapping or button pressing",1.0,4 - Head-mounted and requires smartphone/tablet,4.0,"⍺, 𝛽, Frequency domain",,2,1.0,sensory channels for birdsongs,"relaxation, restoration, alpha, beta, SL, ST",,,,"EDA, Skin Temperature",0 = Black Box,0,0.0,3 - not replicable,3.0,,https://doi.org/10.1016/j.jenvp.2022.101879,,Klaus,,,
Qin et al.,2013,Urban Forestry Urban Green,Elsevier,"Jun Qin, Xin Zhou, Chanjuan Sun, Hanbing Leng, Zhiwei Lian",Influence of green spaces on environmental satisfaction and physiological status of urban residents,2,,64.0,,,,real world all modalities,6,real world,stat,Real world,2.0,Powerlab,ADInstruments,,NA / NA,0.0,2,,0.0,0.0,0.0,,,0.0,0.0,"1 - Lying, sitting, or standing with localised movement, for example, finger tapping or button pressing",1.0,0 - All equipment off-body mounted and participant tethered via cabling to EEG acquisition equipment,0.0,,,,,5 green spaces vs no vegetation,,,,,ECG,0 = Black Box,0,,3 - not replicable,3.0,,https://doi.org/10.1016/j.ufug.2013.05.005,,Klaus,,,
Rai et al.,2024,Visions for Sustainability,University of Turin,"Shreya Rai, Venu Shree, P.S. Chani, Farhan Asim",Enhancing cognitive performance and emotional wellbeing via Nature-induced learning environments,1,0.0,22.0,18-26,,50%,real world all modalities,6,real world,stat,Real world,2.0,Muse S,InteraXon,256,,0.0,5,dry electrodes,1.0,0.0,0.0,,,0.0,0.0,"1 - Lying, sitting, or standing with localised movement, for example, finger tapping or button pressing",1.0,4 - Head-mounted and requires smartphone/tablet,,"Frequency domain, ⍺",Perceived Restorativeness Scale (PRS),2,1.0,nature in educational settings,"FAA, relative alpha PSD",frontal,relaxation,,,1 = ICA,1,1.0,3 - not replicable,3.0,,https://doi.org/10.13135/2384-8677/9265,13.01.2026,Izzy,,,
Reaisi Saadati et al.,2025,J Research in Psychopathology,University of Mohaghegh Ardabili,"Fereshteh Raeisi Saadati, Younes Pourbeyrami Hir, Mohammad Narimani",The effectiveness of exposure to green space on absolute power of alpha wave and stress reduction in people with attention deficit hyperactivity disorder,3,1.0,32.0,20-40,,50%,visual,1,real world,stat,Lab,1.0,Encephalan-EEGR-19,Medicom MTD,,,0.0,19,wet electrodes,1.0,1.0,0.0,,,0.0,0.0,"1 - Lying, sitting, or standing with localised movement, for example, finger tapping or button pressing",1.0,0 - All equipment off-body mounted and participant tethered via cabling to EEG acquisition equipment,0.0,"Frequency domain, ⍺",questionnaires,2,1.0,presence of plants,alpha power,whole brain,relaxation,,"Blood Pressure, BVP, EDA",9 = NA,9,0.0,3 - not replicable,3.0,,https://doi.org/10.22098/jrp.2024.14911.1230,13.01.2026,Izzy,,,
Reece et al.,2022,Int J Environ Res Pub Health,MDPI,"Rebecca Reece, Anna Bornioli, Isabelle Bray, Nigel Newbutt, David Satenstein, Chris Alford","Exposure to Green, Blue and Historic Environments and Mental Well-Being: A Comparison between Virtual Reality Head-Mounted Display and Flat Screen Exposure",2,,31.0,18-57,24.32,29%,visual + auditory,,"video immersive (HMD), video (monitor), still images",stat,Lab,1.0,BrainProducts QuickAmp,Brain Products,1000,"50 Hz notch, 0.1-100 Hz",0.0,32,wet electrodes,0.0,0.0,1.0,,,1.0,0.0,"0 - Lying, sitting, or standing still",0.0,0 - All equipment off-body mounted and participant tethered via cabling to EEG acquisition equipment,0.0,"Frequency domain, 𝜃, ⍺, 𝛽, λ",questionnaires,2,1.0,"videos of green, blue, and historic environments presented in VR vs on a Flatscreen","""relaxation"": freq theta, alpha, beta, gamma, ",,,,,"1 = ICA, 2 = Auomated","1, 2",1.0,3 - not replicable,3.0,1.0,https://doi.org/10.3390/ijerph19159457,3.11.25,Izzy,,,
Reece et al.,2022,Int J Environ Res Pub Health,MDPI,"Rebecca Reece, Anna Bornioli, Isabelle Bray, Chris Alford",Exposure to Green and Historic Urban Environments and Mental Well-Being: Results from EEG and Psychometric Outcome Measures,2,,30.0,,20,17%,visual,1,video (monitor),stat,Lab,1.0,BrainProducts QuickAmp,Brain Products,1000 / 512,"50 Hz notch, 0.1-100 Hz",0.0,32,dry electrodes,0.0,1.0,1.0,,,0.0,0.0,"1 - Lying, sitting, or standing with localised movement, for example, finger tapping or button pressing",1.0,0 - All equipment off-body mounted and participant tethered via cabling to EEG acquisition equipment,0.0,"𝜃, ⍺, 𝛽, Frequency domain, λ",,2,1.0,"historic vs. modern buildings, green vs. non-green","Mood, Stress",,,,,1 = ICA,1,1.0,2 - partially replicable,2.0,1.0,https://doi.org/10.3390/ijerph192013052,,Klaus,,,
Reeves et al.,2019,Front Psychol,Frontiers,"Jonathan P. Reeves, Andrew T. Knight, Emily A. Strong, Victor Heng, Chris Neale, Ruth Cromie and Ans Vercammen",The Application of Wearable Technology to Quantify Health and Wellbeing Co-benefits From Urban Wetlands,,,36.0,,,,real world all modalities,6,real world,mobile,Real world,2.0,Emotiv EPOC+,Emotiv,128,NA / 0.16-42,0.0,14,wet electrodes,1.0,1.0,1.0,,,0.0,0.0,"1 - Lying, sitting, or standing with localised movement, for example, finger tapping or button pressing",1.0,4 - Head-mounted and requires smartphone/tablet,4.0,"𝜃, ⍺, 𝛽, λ, Frequency domain",,2,1.0,"Wetland, vs urban ","mood, power in propriatory 𝜃, ⍺, 𝛽, λ",,,,"EDA, ECG",1 = ICA,1,1.0,2 - partially replicable,2.0,2.0,https://doi.org/10.3389/fpsyg.2019.01840,,Klaus,,,
Ren et al.,2024,Applied Sciences,MDPI,"
Hongguo Ren, Ziming Zheng, Jing Zhang, Qingqin Wang and Yujun Wang",Electroencephalography (EEG)-Based Comfort Evaluation of Free-Form and Regular-Form Landscapes in Virtual Reality,2,,30.0,20-30,,40%,visual,1,virtual reality (HMD),stat - HMD,Lab,1.0,,,500,NA/NA,0.0,,wet electrodes,1.0,0.0,0.0,,,0.0,0.0,"1 - Lying, sitting, or standing with localised movement, for example, finger tapping or button pressing",1.0,unclear,,"Frequency domain, ⍺",questionnaires,2,1.0,"videos of routes through two types of urban park VEs (""free-form"" and ""regular"")",⍺ Amplitude,,,,,9 = NA,9,0.0,3 - not replicable,3.0,1.0,https://doi.org/10.3390/app14020933,05.03.2025,Izzy,,,
Ren et al.,2025,J Asian Architecture and Building Engineering,Taylor & Francis,"Hongguo Ren, Zhenyu Li, Ying Liu & Minqi Shi","Multidimensional exploration of landscape preferences in rural squares: an empirical inquiry relying on electroencephalography, eye - tracking and Perceived Restorative Scale",2,0.0,34.0,,25,44%,visual,1,virtual reality (HMD),stat - HMD,Lab,1.0,SAGA,TMSi,1024,0.003-150 / 1-50Hz,1.0,32,,1.0,0.0,1.0,,,0.0,1.0,"0 - Lying, sitting, or standing still",0.0,2 - All equipment is waist-mounted,2.0,"Frequency domain, ⍺, 𝛽",Perceived Restorativeness Scale (PRS),2,1.0,"""regular"" vs. freeform public spaces",ration alpha / beta,,,,Eyetracking,1 = ICA,1,1.0,3 - not replicable,3.0,,https://doi.org/10.1080/13467581.2025.2521409,13.11.25,Izzy,,,
Ren et al.,2025,Buildings,MDPI,"Lanhong Ren, Jie Li, Jie Zhuang",Integrating Electroencephalography (EEG) and Machine Learning to Reveal Nonlinear Effects of Streetscape Features on Perception in Traditional Villages,2,0.0,30.0,20-30,24.1,50%,visual,1,still images,stat,Lab,1.0,BrainProducts BrainAmp,Brain Products,1000,NA / 1-45Hz,0.0,32,,1.0,1.0,1.0,,,0.0,1.0,"0 - Lying, sitting, or standing still",0.0,0 - All equipment off-body mounted and participant tethered via cabling to EEG acquisition equipment,0.0,"Frequency domain, ⍺",questionnaires,2,1.0,"Color features, spatial morphology, landscape elements and cultural attributes of historical environments",PSD alpha,,,,,1 = ICA,1,1.0,2 - partially replicable,2.0,1.0,https://doi.org/10.3390/buildings15224087,26.11.25,Izzy,,,
Ren et al.,2026,Building and Environment,Elsevier,"Jianlin Ren, Jilong Wang, Yanhui Mao, Xiaodong Cao, Xiangfei Kong",On-site measurement and machine learning prediction of age-specific outdoor thermal and humidity comfort in urban microclimates in summer,2,1.0,12.0,,22.7 ; 52.8,50%,real world all modalities,6,real world,stat,Real world,2.0,PLUX Biosignals,Plux Biosignals,500,,0.0,2,,1.0,1.0,0.0,,,0.0,0.0,"1 - Lying, sitting, or standing with localised movement, for example, finger tapping or button pressing",1.0,4 - Head-mounted and requires smartphone/tablet,4.0,"Frequency domain, ⍺, 𝛽, δ","NA, questionnaires",,2.0,microclimate,"ML ",frontal,,,ECG,9 = NA,9,0.0,3 - not replicable,3.0,1.0,https://doi.org/10.1016/j.buildenv.2026.114199,13.1.26,Izzy,,,
Ren et al.,2026,Ecological Frontiers,Elsevier,"Yingqi Ren, Zhengwu Cai, Yingjie Li, Baolong Han",Impact of campus visual natural landscape structure on  adolescents' emotions,1,1.0,86.0,7-16,11,52%,visual,1,video (monitor),stat,Lab,1.0,Emotiv EPOC X,Emotiv,,,0.0,14,dry electrodes,0.0,0.0,0.0,,,0.0,0.0,"0 - Lying, sitting, or standing still",0.0,4 - Head-mounted and requires smartphone/tablet,4.0,Proprietary output,,9,2.0,"sky visibility, tree visibility, and impervious surface (semantic segmentation)",emotion scores (Emotiv),,"interest, stress, escitement",,,0 = Black Box,0,0.0,3 - not replicable,3.0,1.0,http://dx.doi.org/10.1016/j.ecofro.2026.02.004,16.3.26,Izzy,,,
Ren et al.,2024,Applied Sciences,MDPI,"
Hongguo Ren, Yujun Wang, Jing Zhang, Ziming Zheng and Qingqin Wang",Evaluation of the impact of VR rural streetscape enhancement on relaxation-arousal response based on EEG,2,,30.0,20-30,,40%,visual,1,virtual reality (HMD),stat - HMD,Lab,1.0,SAGA,TMSi,500,NA / NA,0.0,32,,1.0,0.0,0.0,,,0.0,0.0,"1 - Lying, sitting, or standing with localised movement, for example, finger tapping or button pressing",1.0,2 - All equipment is waist-mounted,2.0,"𝛽, ratio, Frequency domain, ⍺",,2,1.0,different designs of rural street scapes and theirvirtual transformation,ration alpha / beta,,,,,9 = NA,0,0.0,3 - not replicable,3.0,1.0,https://doi.org/10.3390/app14072996,,Klaus,,,
Ren et al.,2024,Buildings,MDPI,"Hongguo Ren, Xue Wang, Jing Zhang, Lei Zhang and Qingqin Wang
",Evaluation of Rural Healing Landscape Design Based on Virtual Reality and Electroencephalography,2,,32.0,18-35,25,41%,visual,1,virtual reality (monitor),stat,Lab,1.0,SAGA,TMSi,512,0.003-150 / 1-50Hz,1.0,32,,0.0,0.0,1.0,,,0.0,0.0,"1 - Lying, sitting, or standing with localised movement, for example, finger tapping or button pressing",1.0,2 - All equipment is waist-mounted,2.0,"𝛽, ratio, Frequency domain, ⍺",,2,1.0,"different design elements that have ""healing"" characteristics like shrubs, tress etc.",ration alpha / beta,,,,,9 = NA,0,0.0,3 - not replicable,3.0,1.0,https://doi.org/10.3390/buildings14061560,,Klaus,,,
Rhee et al.,2023,Scientific Reports,Springer Nature,"Jee Heon Rhee, Brian Schermer, Gisung Han, So Yeon Park & Kyung Hoon Lee ",Effects of nature on restorative and cognitive benefits in indoor environment,,,30.0,18-35,,,real world all modalities,6,real world,stat,Real world,2.0,Emotiv EPOC,Emotiv,,NA / NA,0.0,14,wet electrodes,1.0,0.0,0.0,,,0.0,0.0,"1 - Lying, sitting, or standing with localised movement, for example, finger tapping or button pressing",1.0,4 - Head-mounted and requires smartphone/tablet,4.0,"𝜃, ⍺, 𝛽 and ratios thereof, Frequency domain",,2,1.0,Indoor green impact on attention rerstoration,"PSD 𝜃, ⍺, 𝛽, λ and ratios thereof",,,,,0 = Black Box,0,0.0,3 - not replicable,3.0,1.0,https://doi.org/10.1038/s41598-023-40408-x,,Klaus,,,
Roe et al.,2013,Environ Science,Hikari Ltd,"Jenny Roe, Peter Aspinall, Panos Mavros, Richard David Coyne",Engaging the brain: the impact of natural versus urban scenes using novel EEG methods in an experimental setting,2,,20.0,,,,visual,1,still images,stat,Lab,1.0,Emotiv EPOC,Emotiv,,NA / NA,0.0,12,,1.0,0.0,0.0,,,0.0,0.0,"1 - Lying, sitting, or standing with localised movement, for example, finger tapping or button pressing",1.0,4 - Head-mounted and requires smartphone/tablet,4.0,"𝜃, ⍺, 𝛽, λ, Proprietary output",,2,1.0,green vs urban images,"propriatory Emotiv Pro Freq, 𝜃, ⍺, 𝛽, gamma",,,,,0 = Black Box,0,0.0,3 - not replicable,3.0,,http://dx.doi.org/10.12988/es.2013.3109,,Klaus,,,
Rounds et al.,2020,Front Human Neuroscience,Frontiers,"James D. Rounds, Jesus Gabriel Cruz-Garza, Saleh Kalantari",Using posterior EEG theta band to assess the effects of architectural designs on landmark recognition in urban settings,,,21.0,,,,visual,1,virtual reality (monitor),stat - HMD,Lab,1.0,BrainProducts Actichamp,Brain Products,500,NA / 0.1-100 Hz,0.0,64,wet electrodes,1.0,0.0,1.0,,,0.0,0.0,"1 - Lying, sitting, or standing with localised movement, for example, finger tapping or button pressing",1.0,0 - All equipment off-body mounted and participant tethered via cabling to EEG acquisition equipment,0.0,ERD /ERS (event related (de)synchronization),,2,1.0,"non-salient vs. salient buildings, relative height, facade designs","Attention, Memory",,,,"EOG, Performance",1 = ICA,1,1.0,3 - not replicable,3.0,1.0,https://doi.org/10.3389/fnhum.2020.584385,,Klaus,,,
Ryu et al.,2026,J Building Engineering,Elsevier,"Jihye Ryu, Sang-Hee Kim, Kweon-Hyoung Lee, Seoungyeon Choo, &  Hyuncheol Seo",Integrated analysis of frontal EEG indicators associated with stress recovery in multisensory biophilic indoor rest environments,1,1.0,54.0,,23.74,,"visual, visual + olfactory, visual + auditory",,virtual reality (HMD),stat,Lab,1.0,Wearable Sensing DSI-24,Wearable Sensing,300,0.003-150 Hz,1.0,19,dry electrodes,1.0,0.0,1.0,1.0,30,0.0,0.0,"1 - Lying, sitting, or standing with localised movement, for example, finger tapping or button pressing",1.0,4 - Head-mounted and requires smartphone/tablet,4.0,"Frequency domain, 𝜃, ⍺, 𝛽, λ",questionnaires,2,1.0,"office space design with sensory stimulation during stress recovery: visual, acoustic, visual + acoustic, visual + olfactory","FAA, relative theta, alpha, beta, and gamma PSD",frontal,hogher alpha less stress,,,"1 = ICA, 3 = Manual",1,1.0,3 - not replicable,3.0,1.0,https://doi.org/10.1016/j.jobe.2026.115925,29.03.2026,Klaus,,,
Sadeghi Habibabad et al.,2021,J Spirituality in Mental Health,Taylor & Francis,"Ali Sadeghi Habibabad, Jamal-e-Din MahdiNejad, Hamidreza Azemati & Pietro Matracchi",Examination of the psychological impact and brainwaves functioning of the users of buildings and environments built based on promoting relaxation and spiritual sense,1,0.0,15.0,20-38,,,visual,1,video (monitor),stat,Lab,1.0,,,,NA/NA,0.0,16,wet electrodes,0.0,0.0,0.0,,,0.0,0.0,"0 - Lying, sitting, or standing still",0.0,,,"Frequency domain, ⍺, 𝛽, 𝜃",,2,1.0,Viewing one video rotating a 360 Image of a mosque,"relative alpha, theta/beta ratio, peak alpha frequency",,"anxiety, spirituality",,,9 = NA,9,0.0,3 - not replicable,,,,07.01.2026,Izzy,,,
Sadeghpoor et al.,2024,HERD: Health Environments Research & Design Journal,Sage Publishing,"Fereshteh Sadeghpoor, Ehsan Ranjbar, Maryam Esmaeilinasab, Mir Hojjat Seyed Valiloo, and Mark J. Nieuwenhuijsen",Streets and Stress: A Pilot Study on How Quality and Design of Streets Impacts on Urban Stress,2,,16.0,20-30,,50%,real world all modalities,6,real world,mobile,Real world,2.0,Neurosky Mindwave,NeuroSky,,NA/NA,0.0,1,dry electrodes,1.0,0.0,0.0,,,0.0,0.0,2 - Constrained walking/cycling,2.0,4 - Head-mounted and requires smartphone/tablet,4.0,Proprietary output,Perceived Restorativeness Scale (PRS),3,2.0,3 Different Urban Streets in Tehran,"""Relaxation"" Score (Proprietary Neurosky output)",,,,,0 = Black Box,0,0.0,3 - not replicable,3.0,,https://doi.org/10.1177/19375867231200584,20.05.2025,Izzy,,,
Sadra & Shakibamanesh,2024,Int J Architectural Engineering & Urban Planning,Iran University of Science & Technology,"Sadra, S. & Shakibamanesh, A.","Exploring the Impact of Urban Wall Characteristics on Pedestrian Calmness and Attention through Virtual Quasi-Experiments and EEG (Case Study: Teater-e-Shahr to Valieasr Square Block in Tehran, Iran)",1,,60.0,18-40,,,visual,1,virtual reality (HMD),stat,Lab,1.0,Neurosky Mindwave,NeuroSky,,NA/NA,0.0,1,,0.0,0.0,0.0,,,0.0,0.0,"0 - Lying, sitting, or standing still",0.0,4 - Head-mounted and requires smartphone/tablet,4.0,Proprietary output,,3,2.0,"Height of buildings, Building segmentation, Building transparency, Building continuity",Meditation and Attenion Scores (Proprietary Neurosky output),,,,,0 = Black Box,0,,3 - not replicable,3.0,,https://doi.org/10.22068/ijaup.797,20.05.2025,Izzy,,,
Scanlon et al.,2020,Int J Psychophysiol,Elsevier,"Joanna E.M. Scanlon, Eden X. Redman, Jonathan W.P. Kuziek, Kyle E. Mathewson",A ride in the park: Cycling in different outdoor environments modulates the auditory evoked potentials,2,0.0,10.0,20-31,23.4,60%,real world all modalities,6,real world,mobile,Real world,2.0,BrainProducts V-Amp,Brain Products,500,"0.1-30Hz, 60Hz/NA",1.0,15,wet electrodes,1.0,1.0,0.0,,,0.0,1.0,3 - Unconstrained walking/cyclin,3.0,"3 - Head-mounted EEG system, with additional equipment located in a rucksack or off-body",3.0,"Frequency domain, ⍺, 𝛽, Time domain, N100, P200, P300",,"1, 2",1.0,Park vs. Road Cycling + Oddball task,"N1, P2, P3 and PSD","Fz, Pz","Attention (P3), Filtering info and noise (N1 and P2)",,,"5 = Regression, 3 = Manual",5,0.0,1 - replicable,1.0,,https://doi.org/10.1016/j.ijpsycho.2020.02.016,23.12.2025,Izzy,,,
Scott et al.,2026,J Cog Psychol,Taylor & Francis,"Emily E. Scott, Amy S. McDonnell, Sara B. LoTemplio, G. David McNay, Kevin Greenberg, Spencer C. Castro & David L. Strayer",Examining neurophysiological responses to immersive nature and environmental images,3,0.0,41.0,18-46,25.34,60%,"real world all modalities, visual","1, 6","real world, still images",stat,Lab vs. Real world,3.0,Biopac Smart Center,Biopac,2000,,0.0,3,wet electrodes,1.0,1.0,1.0,0.1,30,0.0,1.0,"1 - Lying, sitting, or standing with localised movement, for example, finger tapping or button pressing",1.0,2 - All equipment is waist-mounted,2.0,"Time domain, P300","questionnaires, Perceived Stress Scale (PSS), PANAS, Perceived Restorativeness Scale (PRS)",1,0.0,Pre/Post Hiking Trip vs. Nature image vieweing,P3b,Pz,Attention,,"Blood Glucose, EOG","3 = Manual, 5 = Regression",3,0.0,2 - partially replicable,2.0,1.0,https://doi.org/10.1080/20445911.2026.2636270,16.03.2026,Izzy,,,
Seiz et al.,2023,Sustainability,MDPI,"Seiz, A., Byoung-Suk, K. Ellis, C.D. Oh, H., & Pietro, K",Exploring the Psychophysiological Effects of Viewing Urban Nature through Virtual Reality Using,2,,21.0,18-44,25,40%,visual,1,,stat - HMD,Lab,1.0,,,500,NA / NA,0.0,32,wet electrodes,1.0,1.0,0.0,,,0.0,0.0,"1 - Lying, sitting, or standing with localised movement, for example, finger tapping or button pressing",1.0,"3 - Head-mounted EEG system, with additional equipment located in a rucksack or off-body",3.0,"𝛽, ⍺, Frequency domain",,2,1.0,"designed vs vacant urban spaces (both green but designed with flowers and greener...) ",power in lower and higher ⍺ and 𝛽,,,,,9 = NA,9,0.0,3 - not replicable,3.0,0.0,https://doi.org/10.3390/su151713090,,Klaus,,,
Senay et al.,2026,Buildings,MDPI,"Ümmü Gülsüm Senay, Ayse Beyza Yavuz Haksever, & Dilek Yıldız Özkan","Decoding Embedded Ambiance in a Historic and a Non-Historic Street: A Comparative VR Study of Brain, Body, and Mind",2,0.0,100.0,18-60,,41%,visual + auditory,3,"video immersive (HMD), audio recordings",mobile,Lab,1.0,Looxid Link (HTC Vive AddOn),Looxid,500,,0.0,6,dry electrodes,1.0,0.0,0.0,,,0.0,0.0,"1 - Lying, sitting, or standing with localised movement, for example, finger tapping or button pressing",1.0,5 - Head-mounted and does not require any additional equipment,5.0,"Frequency domain, δ, 𝜃, ⍺, 𝛽, λ",questionnaires,2,1.0,Ambience of 360 videos of histpric vs non-historic enviornments,"Frequency domain, δ, 𝜃, ⍺, 𝛽, λ",frontal,Erid mix of different frequency and black box parameters,,"ECG, EDA",0 = Black Box,0,0.0,3 - not replicable,3.0,1.0,https://doi.org/10.3390/buildings16051015,16.03.2026,Klaus,,,
Shan et al.,2019,Energy and Buildings,Elsevier,"Shan Xin, Yang En-Hua, Zhou Jin. Chang Victor W.C.",Neural-signal electroencephalogram (EEG) methods to improve human-building interaction under different indoor air quality,,,25.0,,,,,,,stat,Lab,1.0,Emotiv EPOC+,Emotiv,128,NA / 3-45 Hz,0.0,14,,1.0,1.0,1.0,,,0.0,0.0,"1 - Lying, sitting, or standing with localised movement, for example, finger tapping or button pressing",1.0,4 - Head-mounted and requires smartphone/tablet,4.0,"𝜃, ⍺, Frequency domain",,2,1.0,air quality,"different cognitive tasks, power 𝜃, ⍺",,,,,1 = ICA,1,1.0,3 - not replicable,3.0,,https://doi.org/10.1016/j.enbuild.2019.05.055,,Klaus,,,
Shao et al.,2025,Front Human Neuroscience,Frontiers,"Huibin Shao, Ying Liu, Hongguo Ren, & Zhenyu Li",Research on healing-oriented street design based on quantitative emotional electroencephalography and eye tracking technology,2,,34.0,20-30,,44%,visual,1,still images,stat,Lab,1.0,SAGA,TMSi,1024,0.03-159 / 1-50,1.0,32,,1.0,0.0,0.0,,,0.0,0.0,"1 - Lying, sitting, or standing with localised movement, for example, finger tapping or button pressing",1.0,"3 - Head-mounted EEG system, with additional equipment located in a rucksack or off-body",3.0,"Frequency domain, ⍺, 𝛽",Perceived Restorativeness Scale (PRS),2,1.0,impact of openess and green on perceived restorativenes (street healing),"restorative rating, power ⍺ and 𝛽 ratio",,,,Eyetracking,9 = NA,9,0.0,3 - not replicable,3.0,2.0,https://doi.org/10.3389/fnhum.2025.1546933,28.05.2025,Klaus,,,
Shemesh et al.,2017,Architectural Science Review,Taylor & Francis,"Avishag Shemesh, Ronen Talmon, Ofer Karp, Idan Amir, Moshe Bar & Yasha Jacob Grobman",Affective response to architecture – investigating human reaction to spaces with different geometry,1,,,,,,visual,1,virtual reality (monitor),stat,Lab,1.0,Emotiv EPOC,Emotiv,,,0.0,14,,0.0,0.0,0.0,,,0.0,0.0,"1 - Lying, sitting, or standing with localised movement, for example, finger tapping or button pressing",1.0,4 - Head-mounted and requires smartphone/tablet,4.0,,,,0.0,architectural forms,EEG manifolds,,,,,0 = Black Box,0,0.0,3 - not replicable,3.0,,https://doi.org/10.1080/00038628.2016.1266597,,Klaus,,,
Shemesh et al.,2021,Architectural Science Review,Taylor & Francis,"Avishag Shemesh, Gerry Leisman, Moshe Bar & Yasha Jacob Grobman",A neurocognitive study of the emotional impact of geometrical criteria of architectural space,,,112.0,,,,visual,1,virtual reality (HMD),stat - HMD,Lab,1.0,Emotiv Insight,Emotiv,128,50 Hz notch ?-64 / NA,1.0,5,,1.0,0.0,0.0,,,0.0,0.0,"1 - Lying, sitting, or standing with localised movement, for example, finger tapping or button pressing",1.0,4 - Head-mounted and requires smartphone/tablet,4.0,"𝛽, Frequency domain",,2,0.0,geometric architectural features,power in 𝛽,,,,"EDA, Eyetracking, Pupillometry",0 = Black Box,0,0.0,3 - not replicable,3.0,,https://doi.org/10.1080/00038628.2021.1940827,,Klaus,,,
Shemesh et al.,2022,J Environ Psychol,Elsevier,"Avishag Shemesh, Gerry Leisman, Moshe Bar & Yasha Jacob Grobman",The emotional influence of different geometries in virtual spaces: a neurocognitive examination,1,,112.0,,27.18,40%,visual,1,virtual reality (HMD),stat - HMD,Lab,1.0,Emotiv Insight,Emotiv,128,?-64 Hz plus 50 Hz notch / NA,1.0,5,,1.0,0.0,0.0,,,0.0,0.0,"1 - Lying, sitting, or standing with localised movement, for example, finger tapping or button pressing",1.0,4 - Head-mounted and requires smartphone/tablet,4.0,Emotiv Affective Suite,,2,1.0,architectural geometric forms,positive vs negative emotions,,,,"EDA, Eyetracking",0 = Black Box,0,0.0,3 - not replicable,3.0,,https://doi.org/10.1016/j.jenvp.2022.101802,,Klaus,,,
Shen et al.,2024,Land,MDPI,"
Hanbin Shen, Xuecong He, Jing He, Danming Li, Mingjie Liang, Xubin Xie","Back to the Village: Assessing the Effects of Naturalness, LandscapeTypes, and Landscape Elements on the Restorative Potential of Rural Landscapes",3,,40.0,,,,visual,1,still images,stat,Lab,1.0,Enobio,Neuroelectrics,512,NA / NA,0.0,2,,1.0,1.0,0.0,,,0.0,0.0,"1 - Lying, sitting, or standing with localised movement, for example, finger tapping or button pressing",1.0,4 - Head-mounted and requires smartphone/tablet,4.0,"𝜃, ⍺, 𝛽, Frequency domain",,2,1.0,different forms of rural naturaleness (images),"PSD 𝜃, ⍺, 𝛽, λ",,,,Eyetracking,1 = ICA,1,1.0,3 - not replicable,3.0,1.0,https://doi.org/10.3390/land13070910,,Klaus,,,
Shi et al.,2025,Scientific Reports,Springer Nature,"Jing Shi, Nan Zhang, Yinan Sun, Jinming Jiang, Haoyan Duan & Weijun Gao ",The impact of virtual images of coastal landscape features on stress recovery based on EEG,3,,44.0,18-24,20.75,50%,visual,1,virtual reality (HMD),stat,Lab,1.0,Emotiv Epoc Flex,Emotiv,,NA/1-45Hz,0.0,34,,1.0,0.0,1.0,,,0.0,0.0,"1 - Lying, sitting, or standing with localised movement, for example, finger tapping or button pressing",1.0,4 - Head-mounted and requires smartphone/tablet,4.0,Frequency domain,"Profile of Mood State (POMS), Restorative Components Scale",2,1.0,different types of coastal landscape design,"absolute power, relative alpha, neural avalance parameters",,,,ECG,1 = ICA,1,1.0,3 - not replicable,3.0,1.0,https://doi.org/10.1038/s41598-025-02224-3,21.05.2025,Izzy,,,
Shu et al.,2025,Buildings,MDPI,"Ping Shu, Jiawei Wang, Lijun Wang, Dengjun Re, Zihua Lin","Spatial Scale, Enclosure, and Material Impacts on Micro-Housing Perception: Multimodal Physiological Evidence",1,0.0,33.0,20-26,22.9,42%,real world all modalities,6,real world,stat,Lab,1.0,,,2048,NA / 50Hz,0.0,1,wet electrodes,1.0,1.0,1.0,,,0.0,1.0,"1 - Lying, sitting, or standing with localised movement, for example, finger tapping or button pressing",1.0,0 - All equipment off-body mounted and participant tethered via cabling to EEG acquisition equipment,0.0,"Frequency domain, ⍺, 𝛽",questionnaires,2,1.0,"different materials, Wall to wall ratios and spatial scale","⍺, 𝛽, ⍺ ratio, 𝛽 ratio, ⍺/𝛽 ratio",,,,"EMG, EDA, BVP, Skin Temperature",3 = Manual,3,0.0,2 - partially replicable,2.0,1.0,https://doi.org/10.3390/buildings15203694,05.11.2025,Izzy,,,
Solorio et al.,2026,Applied Acoustics,Elsevier,"Alejandro Solorio, Luz Maria Alonso-Valerdi, & David I. Ibarra-Zarate",Neurophysiological and perceptual insights into the benefits of natural sound masking in open-plan offices,1,0.0,36.0,18-60,34,53%,auditory,2,audio recordings,stat,Lab,1.0,Unicorn Hybrid Black,g.tec,,NA / NA,0.0,8,,1.0,0.0,0.0,0.5,40,0.0,0.0,"1 - Lying, sitting, or standing with localised movement, for example, finger tapping or button pressing",1.0,4 - Head-mounted and requires smartphone/tablet,4.0,"Frequency domain, 𝜃, ⍺, 𝛽",NASA TLX,2,1.0,different soundscapes in office,"ERSPS in theta, alpha, and beta; ratio of beta/theta + alpha",frontal,"relaxation, workload",,,"1 = ICA, 2 = Auomated",1,1.0,3 - not replicable,3.0,1.0,https://doi.org/10.1016/j.apacoust.2026.111267,19.02.2026,Klaus,,,
Song et al.,2022,Front Psychol,Frontiers,"Rui Song, Qujing Chen, Ying Zhang, Qing'an Jia, Hongyun He, Tian Gao, Ling Qiu",Psychophysiological restorative potential in cancer patients by virtual reality (VR)-based perception of natural environment,,,63.0,,,,visual,1,still images (HMD),stat - HMD,Lab,1.0,Neurosky Mindwave,NeuroSky,,NA / NA,0.0,1,,0.0,0.0,0.0,,,0.0,0.0,"1 - Lying, sitting, or standing with localised movement, for example, finger tapping or button pressing",1.0,4 - Head-mounted and requires smartphone/tablet,4.0,Neurosky Mindwave black box output,,2,1.0,different levels of green in scenes,alpha modulation,,,,"ECG, Blood Pressure",0 = Black Box,0,0.0,3 - not replicable,3.0,1.0,https://doi.org/10.3389/fpsyg.2022.1003497,,Klaus,,,
Sun & Li,2021,J Asian Architecture and Building Engineering,Taylor & Francis,Xia Sun & Zao Li,"Use of electroencephalography (EEG) for comparing study of the external space perception of traditional and modern commercial districts
",1,0.0,14.0,16-,,64%,visual + auditory,3,video (monitor),stat,Lab,1.0,g.USBamp,g.tec,256,NA / NA,0.0,10,,1.0,1.0,0.0,,,0.0,0.0,"0 - Lying, sitting, or standing still",0.0,0 - All equipment off-body mounted and participant tethered via cabling to EEG acquisition equipment,0.0,"Frequency domain, ⍺",questionnaires,2,1.0,historic vs. modern commercial districts,"alpha power (per each electrode, left vs. right electrodes in all areas, mean across all electrodes)",,,,,9 = NA,9,,3 - not replicable,3.0,,https://doi.org/10.1080/13467581.2020.1813586,04.11.2025,Izzy,,,
Sun et al.,2023,Environ Research,Elsevier,"Yi Sun, Fu Li, Tao He, Yaohan Meng, Jie Yin, Ilona S. Yim, Liyan Xu, Jun Wu",Physiological and affective responses to green space virtual reality among pregnant women,2,1.0,63.0,,,0%,visual,1,video immersive (HMD),stat - HMD,Lab,1.0,,,,,,,,,,,,,,,,,,,,PANAS,,,,,,,,"Blood Pressure, EDA, ECG, Cortisol, Alpha Amylase",,,,,,,,,,,,
Tan et al.,2026,J Environ Psychol,Elsevier,"Min Tan, Guanfei Zhang, Xi Luo, Jin Li, Chang You, Wei Fan, Yiping Zhong",Natural sounds modulate the processing of negative social feedback: electrophysiological evidence,3,,,,,,,,,,,,,,,,,,,,,,,,,,,,,,,,,,,,,,,,,,,,,,,,,,,
Tang et al.,2025,Ecological Frontiers,Elsevier,"Tang, Y., Bai, Z., Zhang, S., He, H., & Xie, Y.",The effects of landscape features and individual attributes on the psychophysiological responses of young visitors,3,0.0,74.0,,20.2,50%,real world all modalities,6,real world,stat,Real world,2.0,Mindwave,NeuroSky,,,0.0,,,0.0,0.0,0.0,,,0.0,0.0,2 - Constrained walking/cycling,2.0,4 - Head-mounted and requires smartphone/tablet,4.0,Proprietary output,Profile of Mood State (POMS),2,1.0,different sites in a forest,"score using gamma (?), alpha, beta; score using theta, delta, alpha ",,"concentration, attention",,ECG,0 = Black Box,0,,3 - not replicable,3.0,1.0,https://doi.org/10.1016/j.ecofro.2025.06.016,5.10.2025,Klaus,12.01.2026,Izzy,
Tang et al.,2023,Dev Built Environ,Elsevier,"Shouni Tang, Dong Xiang, Huizhen Yang, Wei Liu, Guoqing He, Zhihao Ma,  Jun Wang, Yuan Meng, Shanxue Shen",Research on pathfinding cognition in complex underground public space utilizing eye movement and EEG synchronous detection,1,0.0,25.0,18-26,,48%,real world all modalities,6,real world,mobile,Real world,2.0,Enobio,Neuroelectrics,,,0.0,8,,1.0,0.0,0.0,,,0.0,0.0,3 - Unconstrained walking/cyclin,3.0,4 - Head-mounted and requires smartphone/tablet,4.0,"Frequency domain, ⍺, 𝛽",,2,1.0,Locations in underground complex during pathfinding task,beta/alpha ratio,"frontal, temporal, occipital",strength of impression,,"Eyetracking, Performance",9 = NA,9,0.0,3 - not replicable,3.0,0.0,https://doi.org/10.1016/j.dibe.2023.100251,12.1.2026,Izzy,,,
Tenea et al.,2025,Intelligent Buildings International,Taylor & Francis,"Tenea, S.-A., Berceanu, A., Nisioi, S., Robu-Movila, A., Pistol, C., & Burloiu, G.",The co-created city: neruoadaptive design for healthy environments,2,,24.0,25-40,32.5,50%,visual,1,still images,stat,Lab,1.0,Wearable Sensing DSI-24,Wearable Sensing,300,NA / 1-70 Hz,0.0,24,dry electrodes,1.0,1.0,1.0,,,1.0,0.0,"1 - Lying, sitting, or standing with localised movement, for example, finger tapping or button pressing",1.0,4 - Head-mounted and requires smartphone/tablet,4.0,Time domain,"SAM, questionnaires",1,0.0,"Tower designs with/without urban context displayed as models ",ERP amplitudes in specified time windows and preference ratings for designs plus SAM,,,,,"1 = ICA, 6 = ML",1,1.0,2 - partially replicable,2.0,,https://doi.org/10.1080/17508975.2025.2542804,,Klaus,,,
Tilley et al.,2017,Int J Environ Res Pub Health,MDPI,"Sara Tilley, Chris Neale, Agnès Patuano, Steve Cinderby",Older People’s Experiences of Mobility and Mood in an Urban Environment: A Mixed Methods Approach Using Electroencephalography (EEG) and Interviews,2,,43.0,,,,real world all modalities,6,real world,mobile,Real world,2.0,Emotiv EPOC+,Emotiv,128,NA / NA,0.0,14,,1.0,1.0,0.0,,,0.0,0.0,3 - Unconstrained walking/cyclin,3.0,4 - Head-mounted and requires smartphone/tablet,4.0,Emotiv Affective Suite black box output,,2,1.0,urban green vs. urban busy,Mood,,,,,0 = Black Box,0,0.0,3 - not replicable,3.0,,https://doi.org/10.3390/ijerph14020151,,Klaus,,,
Tong et al.,2023,Buildings,MDPI,"Li Tong, Nian Liu, Songtao Hu, Mingli Lu, Yuxi Zheng, Xiaohui Ma",Research on the Preferred Illuminance in Office Environments Based on EEG,1,0.0,28.0,22-31,23.9,82%,visual,1,real world,stat,Lab,1.0,Emotiv Epoc Flex,Emotiv,128,NA / 0.5-48Hz,0.0,32,semi-dry,1.0,1.0,1.0,,,0.0,0.0,"1 - Lying, sitting, or standing with localised movement, for example, finger tapping or button pressing",1.0,4 - Head-mounted and requires smartphone/tablet,4.0,"δ, ⍺, Frequency domain",questionnaires,2,1.0,illuminance of office environment,"PSD delta & alpha ",,,,,1 = ICA,1,1.0,3 - not replicable,3.0,0.0,https://doi.org/10.3390/buildings13020467,24.11.2025,Izzy,,,
Torku et al.,2022,Environment and Behavior,Sage Publishing,"Alex Torku, Albert P. C. Chan, Esther H. K. Yung , JoonOh Seo, Maxwell F. Antwi-Afari","Wearable Sensing and Mining of the Informativeness of Older Adults’ Physiological, Behavioral, and Cognitive Responses to Detect Demanding Environmental Conditions",2,1.0,10.0,65-75,68,30%,real world all modalities,6,real world,mobile,Real world,2.0,Emotiv EPOC+,Emotiv,128,"NA, 50Hz, 60Hz/0.5-64Hz, 50Hz, 60Hz, ",0.0,14,,1.0,1.0,1.0,,,0.0,1.0,3 - Unconstrained walking/cyclin,3.0,4 - Head-mounted and requires smartphone/tablet,4.0,"δ, 𝜃, ⍺, 𝛽, λ, Frequency domain",,2,,"Different ""demanding"" environments ","PSD δ,𝜃, ⍺, 𝛽, λ",,,,"EDA, PPG, Gait",3 = Manual,3,0.0,2 - partially replicable,2.0,,https://doi.org/10.1177%2F00139165221114894,23.12.2025,Izzy,,,
Ulrich,1981,Environment and Behavior,Sage Publishing,Roger S. Ultrich,Natural versus urban scenes: Some Psychophysiological Effects,2,,18.0,20-27,,50%,visual,1,still images,stat,Lab,1.0,,,,NA / NA,0.0,2,,1.0,0.0,0.0,,,0.0,0.0,"1 - Lying, sitting, or standing with localised movement, for example, finger tapping or button pressing",1.0,0 - All equipment off-body mounted and participant tethered via cabling to EEG acquisition equipment,0.0,"⍺, Frequency domain",questionnaires,2,1.0,"natural vs urban scenes (vegetation, water, urban)","Freq, ⍺, subjective ratings",,,,ECG,0 = Black Box,0,0.0,3 - not replicable,3.0,,https://doi.org/10.1177/0013916581135001,,Klaus,,,
Valentine et al.,2024,Buildings,MDPI,"
Cleo Valentine, Tony Steffert, Heather Mitcheltree, Koen Steemers",Architectural Neuroimmunology: A Pilot Study Examining the Impact of Biophilic Architectural Design on Neuroinflammation,2,,10.0,24-76,37.6,60%,visual,,still images,stat,Lab,1.0,BitBrain Versatile 32,Bitbrain,256,0.003-150Hz / 0.5-45Hz,1.0,32,semi-dry,1.0,0.0,1.0,,,0.0,1.0,"0 - Lying, sitting, or standing still",0.0,4 - Head-mounted and requires smartphone/tablet,4.0,"⍺, Frequency domain",,2,1.0,Biophilic design vs. no biophilic design,"PSD d, ⍺ as indicator of inflamatory processes",,,,,1 = ICA,1,1.0,2 - partially replicable,2.0,1.0,https://doi.org/10.3390/buildings14051292,,Klaus,,,
Vecchiato et al.,2015,Cogn Process,Springer Nature,"Giovanni Vecchiato, Andrea Jelic, Gaetano Tieri, Anton Giulio Maglione, Federico De Matteis & Fabio Babiloni
",Neurophysiological correlates of embodiment and motivational factors during the perception of virtual architectural environments,1,,12.0,,26.8,,visual,1,virtual reality (monitor),stat,Lab,1.0,BEmicro,EB Neuro,256,NA / 0.5-45 Hz,0.0,19,,1.0,1.0,1.0,,,0.0,1.0,"1 - Lying, sitting, or standing with localised movement, for example, finger tapping or button pressing",1.0,1 - Waist-mounted (or back-mounted) with additional equipment located in a rucksack,1.0,"⍺, 𝜃, Frequency domain",questionnaires,2,1.0,interior design of spaces,"Freq 𝜃, ⍺ PSD",,,,,1 = ICA,1,1.0,2 - partially replicable,2.0,,https://doi.org/10.1007/s10339-015-0725-6,,Klaus,,,
Vecchiato et al.,2015,Front Psychol,Frontiers,"Giovanni Vecchiato, Gaetano Tieri, Andrea Jelic, Federico De Matteis, Anton G Maglione, Fabio Babiloni ",Electroencephalographic Correlates of Sensorimotor Integration and Embodiment during the Appreciation of Virtual Architectural Environments,1,,12.0,,,,visual,1,virtual reality (monitor),stat,Lab,1.0,BEmicro,EB Neuro,256,NA / 0.5-45 Hz,0.0,19,,1.0,1.0,1.0,,,0.0,0.0,"1 - Lying, sitting, or standing with localised movement, for example, finger tapping or button pressing",1.0,1 - Waist-mounted (or back-mounted) with additional equipment located in a rucksack,1.0,"𝜃, PSD , Frequency domain, ⍺",,2,1.0,interior design of spaces,"Arousal, Comfort, Presence, Freq 𝜃, ⍺ PSD",,,,"ECG, EDA",1 = ICA,1,1.0,1 - replicable,1.0,,https://doi.org/10.3389/fpsyg.2015.01944,,Klaus,,,
Vijayan & Embi,2019,Int J Built Environ Sustain,Universiti Teknologi Malaysia / Faculty of Built Environment (UTM / Penerbit UTM),Vickram Thevar Vijayan & Mohamed Rashid Embi,Probing phenomenological experiences through EEG brainwave signale in Neuroarchitecture study,1,,4.0,,,,real world all modalities,6,real world,stat,Real world,2.0,Emotiv Insight,Emotiv,,,0.0,5,,0.0,0.0,0.0,,,0.0,0.0,"1 - Lying, sitting, or standing with localised movement, for example, finger tapping or button pressing",1.0,4 - Head-mounted and requires smartphone/tablet,4.0,Emotiv Affective Suite black box output,,2,1.0,awe inspiration in a mosque before during and after prayer,"stress, relaxation, focus, interest",,,,,0 = Black Box,0,0.0,3 - not replicable,3.0,,https://doi.org/10.11113/ijbes.v6.n3.360,,Klaus,,,
Wang et al.,2025,Cities,Elsevier,"Wang, L., Li, Z., Zhao, Y., Ding, H., & Wu, Y.",Landscape follows attention: quantitative research on the attention utility of living street scenes based on electroencephalogram rhythms analysis,2,,43.0,,26.16,42%,visual,1,still images,stat,Lab,1.0,,,512,NA / NA,0.0,7,,1.0,0.0,0.0,,,0.0,0.0,"1 - Lying, sitting, or standing with localised movement, for example, finger tapping or button pressing",1.0,,,"Frequency domain, 𝜃, ⍺, 𝛽",,2,1.0,"Different features of urban scenes that catch the attention of observers, including pavement, facility types, street business etc.","PSD 𝜃, ⍺, 𝛽",,,,,1 = ICA,1,1.0,3 - not replicable,3.0,1.0,https://doi.org/10.1016/j.cities.2025.106135,28.06.2025,Klaus,,,
Wang et al.,2025,Front Psychol,Frontiers,"Wang, H., Liu, Y., Zhang, M-J., & Wang, X.",Measuring restoration quality in urban forest greenways: insights for planning and management,2,,40.0,20-25,,55%,visual + auditory,3,video (monitor),stat,Lab,1.0,Emotiv EPOC X,Emotiv,256,NA / NA,0.0,14,semi-dry,1.0,1.0,1.0,,,0.0,1.0,"1 - Lying, sitting, or standing with localised movement, for example, finger tapping or button pressing",1.0,4 - Head-mounted and requires smartphone/tablet,4.0,"Frequency domain, 𝜃, ⍺, 𝛽, λ",Perceived Restorativeness Scale (PRS),2,1.0,Different green areas; videos thorugh real world green alley with different structures/organization,"PSD 𝜃, ⍺, 𝛽",,,,,"2 = Auomated, 3 = Manual",2,,2 - partially replicable,2.0,1.0,https://doi.org/10.3389/fpsyg.2025.1596154,14.8.2025,Klaus,,,
Wang et al.,2025,Buildings,MDPI,"Wang, X., Mo, J., Zhou, Y., & Long, Z.",Psychophysiological Effects of Shooting Tree Light Colors on Alertness: A Controlled Laboratory Study,2,,60.0,,41.08,50%,visual,1,still images,stat,Lab,1.0,Kingfar Ergolab,Kingfar,1024,NA / NA,0.0,16,,1.0,0.0,0.0,,,0.0,0.0,"1 - Lying, sitting, or standing with localised movement, for example, finger tapping or button pressing",1.0,4 - Head-mounted and requires smartphone/tablet,4.0,"Frequency domain, 𝛽",Karolinska Sleepiness Scale,2,0.0,DFiffernt hues of lights to illuminate trees,PSD 𝛽,,,,,9 = NA,9,0.0,3 - not replicable,3.0,1.0,https://doi.org/10.3390/buildings15162907,04.09.2025,Klaus,,,
Wang et al.,2025,Scientific Reports,Springer Nature,"Wang, M., Zhang, N., Yang, L., Zhang, W., & Gao, W. ",Impact of visual preferences for indoor green walls on emotion and brain activity of college students.,1,0.0,26.0,18-28,22.12,50%,visual,1,virtual reality (HMD),stat,Lab,1.0,Emotiv Epoc Flex,Emotiv,128,,0.0,32,semi-dry,0.0,1.0,1.0,1.0,45,0.0,0.0,"1 - Lying, sitting, or standing with localised movement, for example, finger tapping or button pressing",1.0,4 - Head-mounted and requires smartphone/tablet,4.0,"Frequency domain, δ, 𝜃, ⍺, 𝛽, λ, enropy",Profile of Mood State (POMS),2,1.0,type of virtual green wall,"overall power, autocorrelation, entropy","frontal, temporal, parietal, occipital",,,,1 = ICA,1,1.0,3 - not replicable,3.0,2.0," https://doi.org/10.1038/s41598-025-19425-5",45951,Klaus,46035,Izzy,
Wang et al.,2026,Buildings,MDPI,"Xudong Wang, Jingqing Yang, Jiali Mo, Bohan Zhang, Quanquan Zhao, Ge Guo, & Lin Cheng",The Psycho-Physiological Effects of Form and Species of Street Vegetation on Human Health,2,,,,,,,,,,,,,,,,,,,,,,,,,,,,,,,,,,,,,,,,,,,,,,,,,,,
Wang et al.,2025,Building and Environment,Elsevier,"Yao Wang, Xiaojiao Xie, Xian Zhang, XinWei Guan, Zhiming Gou, Dengkai Chen",Assessing lighting layouts in enclosed cabins: Multimodal impacts on operators and EEG-based emotion modeling,1,,45.0,20-30,25.43,49%,visual,1,real world,stat,Lab,1.0,Kingfar Ergolab,Kingfar,250,NA/NA,0.0,32,,1.0,0.0,0.0,,,0.0,0.0,"1 - Lying, sitting, or standing with localised movement, for example, finger tapping or button pressing",1.0,4 - Head-mounted and requires smartphone/tablet,4.0,"Frequency domain, 𝜃, ⍺, 𝛽, λ",PANAS,2,1.0,Different Lighting Styles,"PSD 𝜃, ⍺, 𝛽, λ",,,,"ECG, EDA",9 = NA,9,0.0,3 - not replicable,3.0,1.0,https://doi.org/10.1016/j.buildenv.2025.113444,28.10.25,Izzy,,,
Wang et al.,2022,Environ Research and Public Health,MDPI,"Zhimeng Wang, Yue Li, Jingchen An, Wenyi Dong, Hongqidi Li, Huirui Ma, Junhui Wang, Jianping Wu, Ting Jiang, Guangxin Wang",Effects of Restorative Environment and Presence on Anxiety and Depression Based on Interactive Virtual Reality Scenarios,2,0.0,186.0,,20.29,41%,visual,1,virtual reality (HMD),stat - HMD,Lab,1.0,BIOpac MP160,BIOPAC,,"NA / 1-40Hz, 50Hz",0.0,2,,0.0,0.0,1.0,,,0.0,1.0,"1 - Lying, sitting, or standing with localised movement, for example, finger tapping or button pressing",1.0,,,"Frequency domain, ⍺, 𝛽",,2,1.0,different green spaces,"PSD ⍺, 𝛽",,,,EMG,3 = Manual,3,0.0,2 - partially replicable,,1.0,https://doi.org/10.3390/ijerph19137878,4.11.25,Izzy,,,
Wang et al.,2021,Int J Environ Res Pub Health,MDPI,"Wang, Y., Qu, H., Bai, T., Chen, Q., Li, X., Luo, Z., Lv, B., & Jiang, M.
",Effects of variations in color and Organ of color expressiob in urban ornamental bamboo landscapes onb the physiological and psychological response of college students,3,,300.0,,,,visual,1,still images,stat,Lab,1.0,Neurosky Mindwave,NeuroSky,,NA / NA,0.0,,,0.0,0.0,0.0,,,0.0,0.0,"1 - Lying, sitting, or standing with localised movement, for example, finger tapping or button pressing",1.0,4 - Head-mounted and requires smartphone/tablet,4.0,"𝜃, ⍺, Frequency domain",,2,1.0,Different Bamboo folandscape,"Freq ⍺ , 𝜃",,,,Blood Pressure,0 = Black Box,0,0.0,3 - not replicable,3.0,2.0,https://doi.org/10.3390/ijerph18031151,,Klaus,,,
Wang et al.,2024,Sensors,MDPI,"Wang, Z.-Y., Cho, J. C., &  Hong, Y.-K.",Brain and Subjective Responses to Indoor Environments Related to Concentration and Creativity,1,,20.0,18-29,22.7,33%,visual,1,still images,stat,Lab,1.0,Wearable Sensing DSI-24,Wearable Sensing,,NA / NA,0.0,19,dry electrodes,1.0,0.0,0.0,,,0.0,0.0,"1 - Lying, sitting, or standing with localised movement, for example, finger tapping or button pressing",1.0,"3 - Head-mounted EEG system, with additional equipment located in a rucksack or off-body",3.0,"𝜃, ⍺, 𝛽, λ, Frequency domain",,2,1.0,"impact of space shape, eiling height and room color on concentration","Power in  𝜃, ⍺, 𝛽, λ with a specific formula to comüute the concentration index (CI)",,,,,9 = NA,9,0.0,3 - not replicable,3.0,1.0,doi.org/10.3390/s24237838,,Klaus,,,
Wu et al.,2026,Land,MDPI,"Xiaolu Wu, Yuanyuan Ma, Yifan Wang, Junyi Zhao, Jing Wu",Evaluating the Social Sustainability of Urban Blue-Green Infrastructure: A Visual Perception Study on the Restorative Capacity of Public Spaces,"2, 3",0.0,77.0,18-30,,51%,visual,1,still images (HMD),stat,Lab,1.0,BitBrain,Bitbrain,,NA/NA,0.0,32,semi-dry,0.0,0.0,0.0,,,0.0,0.0,"1 - Lying, sitting, or standing with localised movement, for example, finger tapping or button pressing",1.0,"3 - Head-mounted EEG system, with additional equipment located in a rucksack or off-body",3.0,,Perceived Restorativeness Scale (PRS),,2.0,"Park type, Semantic Segmentation, Landscape Elements",,,restoration,ART,"EDA, PPG, Eyetracking",9 = NA,9,0.0,3 - not replicable,3.0,1.0,https://doi.org/10.3390/land15040642,30.04.2026,Izzy,,,
Wu et al.,2025,Scientific Reports,Springer Nature,"Linjia Wu, L., Song, S., Pan, Y., Liu, J., Zeng, X., Lu, Z., & Chen, Q.",Study on the restorative benefits of four behavioural patterns of urban landscape forests under seasonal change,2,,128.0,18-25,22.53,50%,real world all modalities,6,real world,stat,Real world,2.0,,,,NA / NA,0.0,16,,0.0,0.0,0.0,,,0.0,0.0,"0 - Lying, sitting, or standing still",2.0,4 - Head-mounted and requires smartphone/tablet,4.0,"Frequency domain, ⍺, 𝛽",Profile of Mood State (POMS),2,1.0,"different activities (sitting, walking, talking, lying) in forrest environments","⍺, 𝛽",,,,Blood Pressure,9 = NA,9,0.0,3 - not replicable,3.0,0.0,https://doi.org/10.1038/s41598-025-09526-6,6.8.2025,Klaus,,,
Wu et al.,2023,Forests,MDPI,"Linjia Wu, Shixian Luo, Di Li, Qibing Chen, Jingting Li, Jiacai Wen",Effects of Deciduous Forests on Adolescent Emotional Health in Urban Areas: An Example from the Autumn Ginkgo Forest in Chengdu,"3, 2",0.0,80.0,,23.52,50%,real world all modalities,6,real world,mobile,Real world,2.0,Emotiv EPOC+,Emotiv,,,0.0,14,dry electrodes,1.0,0.0,0.0,,,0.0,0.0,3 - Unconstrained walking/cyclin,3.0,4 - Head-mounted and requires smartphone/tablet,4.0,Proprietary output,Profile of Mood State (POMS),9,2.0,Sitting vs. Walking in Nature,propriatory Emotiv,,"engagement, excitement, stress, relaxation, interest, focus",,"Blood Pressure, ECG",0 = Black Box,0,0.0,3 - not replicable,3.0,,https://doi.org/10.3390/f14061099,13.1.2026,Izzy,,,
Wu et al.,2024,Front Global Change,Frontiers,"Wu, L., Zhang, Y., Mao, M., Chunyu, L., Zhang, Q., Zhao, W., Sui, X., Li, J., Ma, J., Li, Y., & Dong, Q.",Evergreen or seasonal? Quantitative research on the color of urban scenic forests based on stress—attention electroencephalogram feedback,2,,100.0,,23.4,50%,visual,1,still images,stat,Lab,1.0,BitBrain,Bitbrain,,NA / 1-40 Hz,0.0,16,semi-dry,1.0,1.0,1.0,,,0.0,0.0,"1 - Lying, sitting, or standing with localised movement, for example, finger tapping or button pressing",1.0,4 - Head-mounted and requires smartphone/tablet,4.0,Frequency domain,,2,1.0,different gcolors of urban forest images vs urban built images,"Power in ⍺, 𝛽 and relative power ratios",,,,,9 = NA,9,0.0,3 - not replicable,3.0,1.0,https://doi.org/10.3389/ffgc.2024.1495806,,Klaus,,,
Xiang et al.,2025,J Asian Architecture and Building Engineering,Taylor & Francis,"Xu Xiang, Wei Shang & Wendi Huang",EEG-Eye tracking integration for neural stress responses to environmental cleanliness versus spatial function in China’s unit-based community renewal,2,0.0,30.0,60-80,,50%,visual,1,still images,mobile,Lab,1.0,Sichiray Taurus,Sichiray,,NA (50 Hz) / NA,0.0,1,,0.0,0.0,0.0,,,0.0,0.0,"1 - Lying, sitting, or standing with localised movement, for example, finger tapping or button pressing",1.0,4 - Head-mounted and requires smartphone/tablet,4.0,"Frequency domain, ⍺, 𝛽",,2,1.0,"spatial typology, cleanliness regulation, and integrated facilities in Chinese community settings",𝛽/⍺ ration,,,,Eyetracking,9 = NA,9,0.0,3 - not replicable,3.0,,https://doi.org/10.1080/13467581.2025.2589535,22.11.2025,Klaus,,,
Xiao et al.,2024,Front Architectural Research,KeAi,"Xinyao Xiao, Xinxin Li, Xuefan Zhou, Jian Kang, Jiahua Luo, Lihua Yin",Modulatory effects of the landscape sequences on pedestrians emotional states using EEG,2,,24.0,,,,real world all modalities,6,real world,mobile,Real world,2.0,,,,NA / NA,0.0,,,0.0,0.0,0.0,,,0.0,0.0,3 - Unconstrained walking/cyclin,3.0,5 - Head-mounted and does not require any additional equipment,5.0,"𝜃, ⍺, 𝛽, λ, Frequency domain",,2,1.0,greenery and other factors,"PSD 𝜃, ⍺, 𝛽, λ",,,,,9 = NA,9,0.0,3 - not replicable,3.0,,https://doi.org/10.1016/j.foar.2024.05.002,,Klaus,,,
Xing et al.,2025,Landscape Archit Front,Higher Education Press,"Gefan XING, Fei GAO, Jiayi TANG, Bo DONG, Xing ZHANG",The Differences of Emotional Restoration Effects of Colored-Leaves Plant  Communities in Urban Parks,3,1.0,48.0,18-25,21,52%,visual,1,still images,stat,Lab,1.0,Synamps2,Compumedics Neuroscan,,NA / NA,0.0,,,0.0,0.0,0.0,,,0.0,0.0,"0 - Lying, sitting, or standing still",0.0,0 - All equipment off-body mounted and participant tethered via cabling to EEG acquisition equipment,0.0,"Frequency domain, ⍺, 𝛽",PANAS,2,1.0,color of urban greenery,𝛽/⍺ ratio,whole brain,stress,,,9 = NA,9,0.0,3 - not replicable,3.0,,https://10.15302/J-LAF-1-020114,15.12.2025,Izzy,28.03.2026,Klaus,
Xiong et al.,2023,Urban Forestry Urban Green,Elsevier,"Xi Xiong, Hexian Jin, Wenhao Hu, Chengcheng Zeng, Qian Huang, Xue Cui, Mingke Zhang, Yalu Jin",Benefits of Jasminum polyanthum's natural aromas on human emotions and moods,3,,48.0,,,,real world all modalities,6,real world,stat,Real world,2.0,Emotiv EPOC,Emotiv,256,NA / 4-30 Hz,0.0,14,,1.0,1.0,1.0,,,0.0,0.0,"1 - Lying, sitting, or standing with localised movement, for example, finger tapping or button pressing",1.0,4 - Head-mounted and requires smartphone/tablet,4.0,"𝜃, ⍺, 𝛽, Frequency domain",,2,1.0,smell of flowers in a room,PSD ⍺,,,,,1 = ICA,1,1.0,2 - partially replicable,2.0,,https://doi.org/10.1016/j.ufug.2023.128010,,Klaus,,,
Yan et al.,2025,Buildings,MDPI,"Xinyu Yan, Yifei Li ",Research on Rural Landscape Emotions Based on EEG Technology and VIKOR-GRA Model: A Case Study of Xiedian Ancient Village in Macheng City,2,,30.0,,24.3,47%,visual,1,still images,stat,Lab,1.0,EEG:TGAM,NeuroSky,512,NA/NA,0.0,,,0.0,0.0,0.0,,,0.0,1.0,"1 - Lying, sitting, or standing with localised movement, for example, finger tapping or button pressing",1.0,,,"Frequency domain, ⍺, 𝛽",,2,1.0,"Features of envrionments in rural town (material, spatial perception, cultural cognition)",⍺/𝛽 ratio,,,,,9 = NA,9,1.0,3 - not replicable,3.0,0.0,https://doi.org/10.3390/buildings15173002,28.10.25,Izzy,,,
Yang et al.,2026,"Environment, Development and Sustainability",Springer Nature,"Siyao Yang, Yu Gao, Shu Li, Weikang Zhang, Huan Meng, Zhi Zhang, Tong Zhang",Exploring the restorative potential of snow-covered forests through VR with implications for sustainable forest planning,3,0.0,280.0,17-26,,21%,,,,,,,mindba,,,,,,,,,,,,,,,,,,,,,,,,,,,,,,,,,,,,,,,
Yang et al.,2026,Cities,Elsevier,"Bo Yang, Yueting Zhou, Shengyu He, Jingyi Hu, Danping Ma, Yujie He, Wen Dong,  Yangyi Liu, Dubin Dong, Yan Shi, Jian Chen, Yuan Ren",Unveiling the mechanisms linking urban plant diversity to human physiology health,3,0.0,120.0,18-55,,,real world all modalities,6,real world,stat,Real world,2.0,Emotiv EPOC X,Emotiv,256,,0.0,,,0.0,1.0,1.0,1.0,45,1.0,0.0,"0 - Lying, sitting, or standing still",1.0,4 - Head-mounted and requires smartphone/tablet,4.0,"Frequency domain, 𝜃, ⍺, 𝛽",questionnaires,2,1.0,plant diversity,"relative α, relative β, β/α, and relative (α + θ)",,stress recovery,,"ECG, Blood Pressure","1 = ICA, 3 = Manual",1,1.0,3 - not replicable,3.0,0.0,https://doi.org/10.1016/j.cities.2026.106858,2025,Klaus,27.03.2026,Klaus,Full paper
Yang et al.,2024,Forests,MDPI,"Bo Yang, Weishuai Ta, Wen Dong, Danping Ma, Jihan Duan, Huajun Lin, Dubin Dong, Jian Chen, Songwei Zeng, Yan Shi, Jianyun Pan, Yuan Ren",Quantifying the Threshold Effects and Factors Impacting Physiological Health Benefits of Forest Exposure,2,,52.0,18-56,,58%,real world all modalities,6,real world,stat,Real world,2.0,Emotiv EPOC X,Emotiv,128,NA / NA,0.0,14,,1.0,0.0,0.0,,,0.0,0.0,"0 - Lying, sitting, or standing still",0.0,4 - Head-mounted and requires smartphone/tablet,4.0,"Frequency domain, 𝜃, ⍺, 𝛽","questionnaires, WHO-5",2,1.0,Exposure time to forest and meteorological variables,"PSD, 𝜃, ⍺, 𝛽 and ratios",,,,,1 = ICA,1,1.0,3 - not replicable,3.0,1.0,https://doi.org/10.3390/f15030555,20.05.2025,Izzy,,,
Yang et al.,2023,Land,MDPI,"Zhenhong Yang, Xiaoying Zhao, Lin Zhu, Yishi Xia, Yixin Ma, Jingyan Wu, Xueqian Xiong, Ni Yang, Miao Lu",Research on the Healing Potential of Urban Parks from the Perspective of Audio-Visual Integration: A Case Study of Five Urban Parks in Chengdu,"2, 3",0.0,20.0,19-26,22,50%,visual + auditory,1,"still images, audio recordings",stat,Lab,1.0,Mindwave,NeuroSky,512,,0.0,1,dry electrodes,1.0,1.0,0.0,,,0.0,0.0,"0 - Lying, sitting, or standing still",0.0,4 - Head-mounted and requires smartphone/tablet,4.0,Proprietary output,,9,2.0,images and audio of natural vs. urban environments,meditation score,frontal,meditation,,,0 = Black Box,0,0.0,3 - not replicable,3.0,,https://doi.org/10.3390/land12071317,13.01.2026,Izzy,,,
Yang et al.,2011,Int J Environ Res Pub Health,MDPI,"Fan Yang, Zhi Yi Bao, Zhu Jun Zhu",An assessment of physiological noise reduction by landscape plants,2,,40.0,,,,visual,1,video immersive (HMD),stat,Lab,1.0,SP-Mars II,Siga Medical,256,NA / NA,0.0,16,,1.0,1.0,0.0,,,0.0,0.0,"1 - Lying, sitting, or standing with localised movement, for example, finger tapping or button pressing",1.0,"3 - Head-mounted EEG system, with additional equipment located in a rucksack or off-body",3.0,"𝜃, ⍺, 𝛽, Frequency domain",,2,1.0,green vs streetscape,noise level estimate,,,,,0 = Black Box,0,0.0,3 - not replicable,3.0,,https://doi.org/10.3390/ijerph8041032,,Klaus,,,
Yang et al.,2025,J Environ Manage,Elsevier,"Bo Yang, Danping Ma, Xianting Wang, Wen Dong, Shengyu He, Yueting Zhou, Dubin Dong, Yan Shi, Yiping Wang, Songwei Zeng, Jian Chen, Jing Zhang, Yuan Ren",From benefit to burden: Assessing the full range of health impacts in urban green spaces using a threshold model,2,,70.0,18-65,,50%,visual,1,still images,stat,Lab,1.0,Emotiv EPOC+,Emotiv,,NA / NA,0.0,14,,1.0,0.0,0.0,,,0.0,0.0,"1 - Lying, sitting, or standing with localised movement, for example, finger tapping or button pressing",1.0,4 - Head-mounted and requires smartphone/tablet,4.0,"Frequency domain, ⍺, 𝛽","questionnaires, Perceptual Recovery Scale, Perceived Restorativeness Scale (PRS)",2,1.0,Healthy Urban Green (HUG) and Diseased Urban Green (DUG) images of trees,"restoration, EEG freq, ECG (from Apple watch)",,,,ECG,1 = ICA,1,1.0,3 - not replicable,3.0,0.0,https://doi.org/10.1016/j.jenvman.2025.124408,,Klaus,,,
Ye et al.,2025,J Environ Psychol,Elsevier,"Junyan Ye, Xinzhen Bai, Fu Li, Matthew H.E.M. Browning, Theodore Eisenman, Jie Yin, & Liyan Xu",What really helps recovery from stress: The leafiness or representational style of trees in a virtual nature?,2,,116.0,18-60,,,visual,1,virtual reality (HMD),stat - HMD,Lab,1.0,Emotiv EPOC X,Emotiv,,NA / NA,0.0,14,,0.0,0.0,0.0,,,0.0,0.0,"1 - Lying, sitting, or standing with localised movement, for example, finger tapping or button pressing",1.0,4 - Head-mounted and requires smartphone/tablet,4.0,Proprietary output,"Profile of Mood State (POMS), STAI",9,2.0,"Leafiness of tress shown in VR models, realsitic vs no vs Minecraft style and polygons","Emotive propriatary output plus cortisol, BP, EDA and HR",,,,"EDA, Cortisol, Blood Pressure",9 = NA,9,0.0,3 - not replicable,3.0,0.0,https://doi.org/10.1016/j.jenvp.2025.102869,20.12.2025,Klaus,,,
Yeom et al.,2021,Building and Environment,Elsevier,"Seungkeun Yeom, Hakpyeong Kim, Taehoon Hong",Psychological and physiological effects of a green wall on occupants: A cross-over study in virtual reality,1,0.0,27.0,,24.34,63%,visual,1,virtual reality (HMD),stat - HMD,Lab,1.0,Emotiv EPOC+,Emotiv,,,0.0,14,,1.0,0.0,1.0,2.0,39,0.0,1.0,2 - Constrained walking/cycling,2.0,4 - Head-mounted and requires smartphone/tablet,4.0,"Frequency domain, 𝜃, ⍺, 𝛽",STAI,2,1.0,size of green wall element,"frontal beta/parietal alpha, frontal beta/frontal alpha, FAA","frontal, parietal","mental stress, mental fatigue, anxiety",,"EDA, ECG","1 = ICA, 6 = ML",1,1.0,3 - not replicable,3.0,,https://doi.org/10.1016/j.buildenv.2021.108134,,,,,
You et al.,2024,Forests,MDPI,"Yuheng You, Saixin Cao, Nian Li, Bingyang Lv, Kai Li, Ping Zhang, Yilin Zhang, Jun Cai and Xi Li",Effects of Tree Leaf Color on Human Physical and Mental Recovery from a Looking-Up Perspective,2,,30.0,19-26,,,visual,1,still images,,Lab,1.0,,,,NA / NA,0.0,,,0.0,0.0,0.0,,,0.0,0.0,"0 - Lying, sitting, or standing still",0.0,,,"𝜃, ⍺, 𝛽, λ, Frequency domain",,2,1.0,"collor configuration of leaf canapies (1, 2 or 3 colors)","PSD d, 𝜃, ⍺, 𝛽, λ",,,,Blood Pressure,9 = NA,,,3 - not replicable,3.0,0.0,https://doi.org/10.3390/f15081404,,Klaus,,,
Yu et al.,2025,J Building Engineering,Elsevier,"Tingtao Yu, Junjie Li, Yichun Jin, Weirong Wu, Xintong Ma, Weiguo Xu, Shuai Lu",Machine learning prediction on spatial and environmental perception and work efficiency using electroencephalography including cross-subject scenarios,2,,21.0,18-25,,43%,visual + auditory,3,virtual reality (HMD),stat - HMD,Lab,1.0,Emotiv Epoc Flex,Emotiv,128,NA / 0.5-40Hz,0.0,32,wet electrodes,0.0,0.0,1.0,,,0.0,0.0,"1 - Lying, sitting, or standing with localised movement, for example, finger tapping or button pressing",1.0,4 - Head-mounted and requires smartphone/tablet,4.0,"Frequency domain, 𝜃, ⍺, λ, 𝛽, enropy",questionnaires,2,1.0,"3 scenes displayed in VR that differed with resüect to light, openess and number of people","PSD, ML output from different features",,,,,1 = ICA,1,1.0,3 - not replicable,3.0,1.0,https://doi.org/10.1016/j.jobe.2024.111644,,Klaus,,,
Zair et al.,2025,Front Architectural Research,KeAi,"Nourelhouda Zair, Kenza Boussora, Zakaria Djebbara","Contemplative neuroaesthetics in architecture: A real-world mobile EEG study in the ancient city of Ghardaïa, Algeria",1,,20.0,18-40,19.3,50%,real world all modalities,6,real world,mobile,Real world,2.0,BrainProducts LiveAmp,Brain Products,250,"NA/2-100Hz for AMICA weights and 2-40Hz for data ",0.0,32,,0.0,1.0,1.0,,,0.0,1.0,2 - Constrained walking/cycling,,"3 - Head-mounted EEG system, with additional equipment located in a rucksack or off-body",3.0,Frequency domain,questionnaires,2,0.0,"Curved vs. Straight paths through historical ancient city in Algeria, Occlusivity (Isovist approach)","DMN Microstate occurrence ",,,,ECG,1 = ICA,1,1.0,2 - partially replicable,2.0,,https://doi.org/10.1016/j.foar.2025.02.001,28.04.2025,Izzy,,,
Zeng et al.,2026,European J Forest Research,Springer Nature,"Chengcheng Zeng, Ke Wang, Wei Lin, Qibing Chen",Effect of forest trail vegetation density on health benefits: an empirical study based on mobile measurements,3,0.0,26.0,,,,real world all modalities,6,real world,mobile,Real world,2.0,Emotiv EPOC X,Emotiv,,,0.0,14,,1.0,0.0,0.0,,,0.0,0.0,3 - Unconstrained walking/cyclin,3.0,4 - Head-mounted and requires smartphone/tablet,,"Frequency domain, 𝜃, ⍺, 𝛽, λ, Proprietary output",questionnaires,"2, 9",1.0,Density of vegetation,"β/α, γ, θ","frontal, temporal, parietal, occipital","stress, deep attention, emotional stress/irritation",,ECG,0 = Black Box,0,0.0,3 - not replicable,3.0,1.0,https://doi.org/10.1007/s10342-025-01846-6,16.01.2026,Izzy,,,
Zeng et al.,2025,Forests,MDPI,"Chengcheng Zeng, Wei Lin, Nian Li, Ya Wen, Yanxin Wang, Wenyuan Jiang, Jialing Zhang,
Haolin Zhong, Xin Chen, Wenhao Luo, Qibing Chen","Electroencephalography (EEG)-Based Neural Emotional
Response to the Vegetation Density and Integrated Sound
Environment in a Green Space",3,,360.0,18-26,21.5,45%,visual + auditory,3,"still images, audio recordings",stat,Lab,1.0,Emotiv EPOC+,Emotiv,,NA / NA,0.0,14,,1.0,0.0,0.0,,,0.0,0.0,"1 - Lying, sitting, or standing with localised movement, for example, finger tapping or button pressing",1.0,4 - Head-mounted and requires smartphone/tablet,4.0,Proprietary output,Proprietary output,9,0.0,different vegetation density in an image combined with different soundscapes and sound pressure levels,emotional states defined by proprietary output from the Emotive system,,,,,0 = Black Box,0,0.0,3 - not replicable,3.0,,https://doi.org/10.3390/f12101380,,Klaus,,,
Zhang et al.,2025,Applied Acoustics,Elsevier,"Nan Zhang, Yuqin Zhang, Fengcheng Jiao, Chao Liu, Jing Shi, Weijun Gao",Effects of spring water sounds on psychophysiological responses in college Students: An EEG study,2,,38.0,,22,50%,auditory,2,audio recordings,stat,Lab,1.0,Emotiv Epoc Flex,Emotiv,128,NA / 1-45Hz,0.0,32,semi-dry,1.0,1.0,1.0,,,0.0,0.0,"0 - Lying, sitting, or standing still",0.0,4 - Head-mounted and requires smartphone/tablet,4.0,"⍺, 𝛽, Frequency domain","Profile of Mood State (POMS), Restorative Outcome Scale",2,1.0,different sound pressure levels of spring water sounds,"RP ⍺, 𝛽, ""avalanche critical index""",,,,ECG,1 = ICA,1,1.0,3 - not replicable,3.0,0.0,https://doi.org/10.1016/j.apacoust.2024.110318,25.02.2025,Izzy,,,
Zhang et al.,2023,Sustainability,MDPI,"Jun Zhang, Ruoming Qi, Huina Zhang",Examining the Impact of Crowding Perception on the Generation of Negative Emotions among Users of Small Urban Micro Public Spaces,2,,20.0,,,45%,visual,1,still images,stat,Lab,1.0,Emotiv EPOC,Emotiv,128,NA/0.1-40Hz,0.0,14,semi-dry,1.0,1.0,1.0,,,0.0,0.0,"1 - Lying, sitting, or standing with localised movement, for example, finger tapping or button pressing",1.0,4 - Head-mounted and requires smartphone/tablet,4.0,"Frequency domain, ⍺, 𝛽",questionnaires,2,1.0,crowdedness,"PSD ⍺, b",,,,,1 = ICA,1,1.0,3 - not replicable,3.0,1.0,https://doi.org/10.3390/su152216104,03.11.2025,Izzy,,,
Zhang et al.,2025,Building and Environment,Elsevier,"Nan Zhang, Chao Liu, Menglin Zhang, Yawei Guan, Wenhua Wang, Zihao Liu,  Weijun Gao",Effects of traffic noise on the psychophysiological responses of college students: An EEG study,2,1.0,38.0,,22.08,50%,auditory,2,audio recordings,stat,Lab,1.0,Emotiv Epoc Flex,Emotiv,128,"NA /50notch, 60notch, 1-45Hz",0.0,32,semi-dry,0.0,1.0,1.0,,,0.0,1.0,"1 - Lying, sitting, or standing with localised movement, for example, finger tapping or button pressing",1.0,4 - Head-mounted and requires smartphone/tablet,,"⍺, Frequency domain",Profile of Mood State (POMS),2,1.0,different sound pressure levels of traffic noise,"RP ⍺, 𝛽, ""avalanche critical index""",,,,ECG,"2 = Auomated, 3 = Manual, 1 = ICA",2,1.0,3 - not replicable,3.0,0.0,https://doi.org/10.1016/j.buildenv.2024.112171,04.11.2025,Izzy,,,
Zhang et al.,2017,Building and Environment,Elsevier,"Fan Zhang, Shamila Haddad, Bahareh Nakisa, Mohammad Naim Rastgoo, Christhina Candido, Dian Tjondronegoro, Richard de Dear",The effects of higher temperature setpoints during summer on office workers' cognitive load and thermal comfort,1,0.0,12.0,,,,real world all modalities,6,real world,stat,Lab,1.0,Emotiv Insight,Emotiv,128,0-43Hz,1.0,5,,1.0,1.0,1.0,0.0,30,0.0,0.0,"1 - Lying, sitting, or standing with localised movement, for example, finger tapping or button pressing",1.0,4 - Head-mounted and requires smartphone/tablet,4.0,Frequency domain,questionnaires,2,,temperature setting,cognitive load classifier using 22 ECG and EEG features (4 frequency features per channel),"frontal, temporal, parietal",cognitive load,,"EDA, ECG",6 = ML,6,0.0,3 - not replicable,3.0,,http://dx.doi.org/10.1016/j.buildenv.2017.06.048,12.1.26,Izzy,,,
Zhang et al.,2022,J Environ Manage,Elsevier,"Gaochao Zhang, Guowei Wu, Jun Yang",The restorative effects of short-term exposure to nature in immersive virtual environments (IVEs) as evidenced by participants’ brain activities,3,0.0,51.0,,21.5,33%,visual,1,video immersive (HMD),stat - HMD,Lab,1.0,B-Alert X24,Advanced Brain Monitoring,256,,1.0,18,,1.0,1.0,1.0,1.0,50;80,1.0,1.0,"1 - Lying, sitting, or standing with localised movement, for example, finger tapping or button pressing",1.0,4 - Head-mounted and requires smartphone/tablet,4.0,"Frequency domain, δ, 𝜃, ⍺, 𝛽, λ",questionnaires,2,1.0,360 videos of forest vs. indoor,"PSD, functional connectivity",whole brain,,,,1 = ICA,1,1.0,2 - partially replicable,2.0,1.0,https://doi.org/10.1016/j.jenvman.2022.116830,13.01.2026,Izzy,,,
Zhang et al.,2026,Buildings,MDPI,"Zihuan Zhang, Zhe Guo, Xinyi Chen",Correlation Between Visible Landscape Elements and Locals’ Spatial Preference in Historical District Public Open Spaces via VR-Based EEG Measurement: A Case Study of Quanzhou,2,0.0,30.0,20-70,,50%,visual,1,still images (HMD),stat,Lab,1.0,OpenBCI,OpenBCI,250,,0.0,16,,0.0,0.0,0.0,,,0.0,0.0,"1 - Lying, sitting, or standing with localised movement, for example, finger tapping or button pressing",1.0,,,"Frequency domain, 𝜃, ⍺, 𝛽",questionnaires,2,1.0,Features of public open spaces,"relative power α + θ, relative power α + β",,"relaxation, attention",,,1 = ICA,1,1.0,3 - not replicable,3.0,1.0,https://doi.org/10.3390/buildings16040764,27.02.2026,Izzy,,,
Zhang et al.,2026,Buildings,MDPI,"Yalin Zhang, Menglin Zhang, Xiangxi Li, Keming Hou, & Weijun Gao",The Effect of Visual Landscape Design on the Emotional and Physiological Responses of Older Adults,2,1.0,28.0,60-70,64.8,46%,visual,1,still images,stat,Lab,1.0,Emotiv Epoc Flex,Emotiv,,NA/1-45,0.0,,wet electrodes,0.0,0.0,1.0,0.1,45,0.0,0.0,"1 - Lying, sitting, or standing with localised movement, for example, finger tapping or button pressing",1.0,4 - Head-mounted and requires smartphone/tablet,4.0,"Frequency domain, 𝜃,  ⍺",questionnaires,2,1.0,different green/blue simulations of iidnetical environments,"PSD 𝜃, ⍺",whole brain,restoration,,eye tracking,1 = ICA,1,1.0,3 - not replicable,3.0,1.0,https://doi.org/10.3390/buildings16040783,07.03.2026,Klaus,,,
Zhang et al.,2025,Buildings,MDPI,"Ping Zhang, Tao Yang, Yunque Bo, Wenqi Song, Wenyu Liu, Wei Ni, Wenjie Gao, Xiaoyan Qi",A Study on the Effects of Distinct Visual Elements and Their Combinations in Window Views on Stress and Emotional States,2,0.0,60.0,18-28,,,visual,1,still images,stat,Lab,1.0,NeuroHub,Neuracle,,"NA / 1-30Hz, 48-52Hz",0.0,16,wet electrodes,1.0,1.0,1.0,,,1.0,1.0,"1 - Lying, sitting, or standing with localised movement, for example, finger tapping or button pressing",1.0,,,"Frequency domain, 𝜃, ⍺, 𝛽, λ",PANAS,2,1.0,composition of windowview,"relative power 𝜃, ⍺, 𝛽, λ, FAA, ⍺/𝛽, 𝛽/λ, 𝜃/𝛽",,,,,1 = ICA,1,1.0,2 - partially replicable,2.0,1.0,https://doi.org/10.3390/buildings15152804,04.11.2025,Izzy,,,
Zhang et al.,2025,Energy and Buildings,Elsevier,"Zihuan Zhang, Zao Li, Jiayi Xu",Study on window size and indoor color of typical residential units based on EEG measurement and semantic differential method coupling analysis,1,,30.0,18-25,,50%,visual,1,still images,stat,Lab,1.0,,,,NA/0.1-45Hz; 50Hz,0.0,16,semi-dry,1.0,1.0,1.0,,,0.0,0.0,"0 - Lying, sitting, or standing still",0.0,4 - Head-mounted and requires smartphone/tablet,4.0,Frequency domain,questionnaires,2,1.0,Window size and indoor color,"PSD 𝜃, ⍺, SMR,  𝛽, λ",,,,,"1 = ICA, 3 = Manual",1,1.0,3 - not replicable,3.0,1.0,https://doi.org/10.1016/j.enbuild.2025.115855,28.10.25,Izzy,,,
Zhang et al.,2021,Applied Sciences,MDPI,"Shufeng Zhang,  Xuelei Feng,  Yong Shen",Quantifying Auditory Presence Using Electroencephalography,,,43.0,,,,auditory,2,audio recordings,stat,Lab,1.0,Emotiv EPOC+,Emotiv,128,NA / 1-50 Hz,0.0,14,,1.0,1.0,1.0,,,0.0,0.0,"1 - Lying, sitting, or standing with localised movement, for example, finger tapping or button pressing",1.0,4 - Head-mounted and requires smartphone/tablet,4.0,"Frequency domain, 𝜃, ⍺, 𝛽",,2,1.0,soundscapes impact on presence,"PSD 𝜃, ⍺, 𝛽",,,,,1 = ICA,1,1.0,3 - not replicable,3.0,0.0,https://doi.org/10.3390/app112110461,,Klaus,,,
Zhang et al.,2021,Int J Environ Res Pub Health,MDPI,"Zijiao Zhang, Kangfu Zhuo, Wenhan Wei, Fu Li, Jie Yin, Liyan Xu",Emotional Responses to the Visual Patterns of Urban Streets: Evidence from Physiological and Subjective Indicators,,,26.0,,,,visual,1,still images (HMD),stat - HMD,Lab,1.0,Emotiv EPOC+,Emotiv,,NA / NA,0.0,14,wet electrodes,0.0,0.0,0.0,,,0.0,0.0,"1 - Lying, sitting, or standing with localised movement, for example, finger tapping or button pressing",1.0,4 - Head-mounted and requires smartphone/tablet,4.0,Proprietary output,,2,1.0,visual patterns in urban scenes,"propriatory Emotiv Pro Freq, 𝜃, ⍺, 𝛽, gamma",,,,"EDA, ECG",0 = Black Box,0,0.0,3 - not replicable,3.0,1.0,https://doi.org/10.3390/ijerph18189677,,Klaus,,,
Zhang et al.,2025,Buildings,MDPI,"Yiming Zhang, Xuezhou Zhu, Qingbin Li",Model for Impacts of Urban Water Blue Visual Index and Flow Velocity on Human Brain State and Its Practical Application,2,,50.0,18-40,,,visual + auditory,3,virtual reality (HMD),stat - HMD,Lab,1.0,Neurosky Mindwave 2,NeuroSky,,NA / NA,0.0,1,,1.0,0.0,0.0,,,0.0,0.0,"1 - Lying, sitting, or standing with localised movement, for example, finger tapping or button pressing",1.0,4 - Head-mounted and requires smartphone/tablet,4.0,"Frequency domain, ⍺",questionnaires,2,1.0,Blue visible index (BVI) and flow velocity of water (including sound pressure evels),PSD ⍺,,,,ECG,0 = Black Box,0,0.0,3 - not replicable,3.0,1.0,https://doi.org/10.3390/buildings15030339,,Klaus,,,
Zhao et al.,2024,Transactions in GIS,Wiley,"Bo Zhao, Jiaxin Feng, Yuzhi Sun, Xiaohui Chang, Shih-Lung Shaw","Neural Sensing: Toward a New Approach to Understanding
Emotional Responses to Place",2,,1.0,,,0%,real world all modalities,6,real world,mobile,Real world,2.0,Emotiv EPOC,Emotiv,2048,128Hz/0.5-45Hz,1.0,,wet electrodes,1.0,0.0,1.0,,,0.0,0.0,3 - Unconstrained walking/cyclin,3.0,4 - Head-mounted and requires smartphone/tablet,4.0,"Frequency domain, ⍺",questionnaires,2,1.0,Walking route to café,Frontal Alpha Asymmetry,,,,,0 = Black Box,0,0.0,2 - partially replicable,2.0,0.0,https://doi.org/10.1111/tgis.13244,19.05.2025,Izzy,,,
Zhao et al.,2026,Buildings,MDPI,"Neng Zhao, Weishi Li, Xiaoxia Wang, Lin Liu, Qing Wu, & Wei Liao",Assessing Human Emotional Responses to Urban Sound Environments: Evidence from Web Questionnaire and EEG Survey,2,0.0,35.0,18-24,20,85.7,auditory,2,audio recordings,stat,Lab,1.0,Emotiv EPOC+,Emotiv,,NA / NA,0.0,14,,1.0,0.0,1.0,1.0,30,0.0,0.0,"1 - Lying, sitting, or standing with localised movement, for example, finger tapping or button pressing",1.0,4 - Head-mounted and requires smartphone/tablet,4.0,"Frequency domain, ⍺, 𝛽, 𝜃",questionnaires,2,1.0,Soundscapes from different areas (natural to high traffic),"PSD 𝜃, ⍺, 𝛽,","whole brain, frontal, parietal",,,,"1 = ICA, 9 = NA",1,1.0,3 - not replicable,3.0,,,16.03.2026,Klaus,,,
Zhen et al.,2025,Environ Monit Assess,Springer Nature,"Meng Zhen, Xiaoyi She, Haijuan Liang",Neurophysiological responses to neighbor noise in highdensity residential environments: a study on noise sensitivity and cognitive impact in university dormitories,2,1.0,36.0,18-28,,56%,auditory,2,audio recordings,stat,Lab,1.0,Kingfar Ergolab,Kingfar,256,1-50Hz/8-13Hz,1.0,32,wet electrodes,1.0,0.0,1.0,,,1.0,1.0,"0 - Lying, sitting, or standing still",0.0,4 - Head-mounted and requires smartphone/tablet,4.0,"Frequency domain, ⍺",questionnaires,2,1.0,"Sound sources and participant noise sensitivity ","⍺ activity + topography ",,"annoyance, cognitive disruption, sensitivity to auditory disturbances",,,1 = ICA,1,1.0,2 - partially replicable,2.0,1.0,https://doi. org/10.1007/s10661-025-14655-6,15.12.2025,Izzy,,,
Zhou et al.,2026,Building and Environment,Elsevier,"Chengmin Zhou, Mizhi Feng, Xuechen Zhang, & Jake Kaner",Soundscapes in home environments: The impact of home types and soundscapes on the recovery benefits of psychophysiological stress,1,,,,,,visual + auditory + olfactory,,,,,,,,,,,,,,,,,,,,,,,,,,,,,,,,,,,,,,,,https://doi.org/10.1016/j.buildenv.2026.114234,01.02.2026,Klaus,,,
Zhou et al.,2025,J Building Engineering,Elsevier,"Chengmin Zhou, Binhui Xu, Xue Xu, & Jake Kaner",Exploring the creation of multi-modal soundscapes in the indoor environment: A study of stimulus modality and scene type affecting physiological recovery,1,,,,,,,,,,,,,,,,,,,,,,,,,,,,,,,,,,,,,,,,,,,,,,https://doi.org/10.1016/j.jobe.2025.113327,25.04.2026,Klaus,,,
Zou et al.,2021,J Comput Civ Eng,American Society of Civil Engineers,"Zou, Z., Ergan, S., Fisher-Gewirtzman, D. & Curtis, C.",Quantifying the Impact of Urban Form on Human Experience: Experiment Using Virtual Environments and Electroencephalogram,2,,35.0,20-54,25,63%,visual,1,virtual reality (monitor),stat,Lab,1.0,,,128,NA / 0.5-60Hz,0.0,14,,1.0,0.0,1.0,,,0.0,0.0,"1 - Lying, sitting, or standing with localised movement, for example, finger tapping or button pressing",1.0,4 - Head-mounted and requires smartphone/tablet,4.0,"Frequency domain, 𝜃, ⍺, 𝛽, λ","questionnaires, Stress",2,1.0,different VR urban envrionemnts building height greenery presence,"PSD 𝜃, ⍺, 𝛽, λ",,,,,1 = ICA,1,1.0,2 - partially replicable,2.0,0.0,https://doi.org/10.1061/(ASCE)CP.1943-5487.0000966,28.10.2025,Klaus,28.10.2025,Klaus,
Zur et al.,2024,Architectural Science Review,Taylor & Francis,"Naama Zur, Simone Shamay-Tsoory, Anna Sterkin & Dafna Fisher-Gewirtzman",Perceived density and positive affect ratings of studio apartments: an EEG study,1,0.0,31.0,18-35,,,visual,1,video (monitor),stat,Lab,1.0,g.Nautilus,g.tec,500,NA/1-30Hz,0.0,,,0.0,1.0,1.0,,,1.0,1.0,"0 - Lying, sitting, or standing still",0.0,0 - All equipment off-body mounted and participant tethered via cabling to EEG acquisition equipment,0.0,"Frequency domain, 𝜃, ⍺, Time domain",questionnaires,"1, 2",1.0,Width of room and window,ERSP,whole brain,,,,"1 = ICA, 3 = Manual, 4 = PCA",,1.0,2 - partially replicable,2.0,,https://doi.org/10.1080/00038628.2023.2224284,07.01.2026,Izzy,,,
